time_id,minute_of_day,minute_of_hour,hour_of_day,hour_of_half_day,clock_hour_of_day,clock_hour_of_halfday,halfday_of_day,halfday_of_day_display_name,time_display_name_24hr,time_display_name_12hr
1,-1,-1,-1,-1,-1,-1,-1,XX,XX:XX,XX:XX   
101,0,0,0,0,24,12,0,AM,00:00,12:00 AM
102,1,1,0,0,24,12,0,AM,00:01,12:01 AM
103,2,2,0,0,24,12,0,AM,00:02,12:02 AM
104,3,3,0,0,24,12,0,AM,00:03,12:03 AM
105,4,4,0,0,24,12,0,AM,00:04,12:04 AM
106,5,5,0,0,24,12,0,AM,00:05,12:05 AM
107,6,6,0,0,24,12,0,AM,00:06,12:06 AM
108,7,7,0,0,24,12,0,AM,00:07,12:07 AM
109,8,8,0,0,24,12,0,AM,00:08,12:08 AM
110,9,9,0,0,24,12,0,AM,00:09,12:09 AM
111,10,10,0,0,24,12,0,AM,00:10,12:10 AM
112,11,11,0,0,24,12,0,AM,00:11,12:11 AM
113,12,12,0,0,24,12,0,AM,00:12,12:12 AM
114,13,13,0,0,24,12,0,AM,00:13,12:13 AM
115,14,14,0,0,24,12,0,AM,00:14,12:14 AM
116,15,15,0,0,24,12,0,AM,00:15,12:15 AM
117,16,16,0,0,24,12,0,AM,00:16,12:16 AM
118,17,17,0,0,24,12,0,AM,00:17,12:17 AM
119,18,18,0,0,24,12,0,AM,00:18,12:18 AM
120,19,19,0,0,24,12,0,AM,00:19,12:19 AM
121,20,20,0,0,24,12,0,AM,00:20,12:20 AM
122,21,21,0,0,24,12,0,AM,00:21,12:21 AM
123,22,22,0,0,24,12,0,AM,00:22,12:22 AM
124,23,23,0,0,24,12,0,AM,00:23,12:23 AM
125,24,24,0,0,24,12,0,AM,00:24,12:24 AM
126,25,25,0,0,24,12,0,AM,00:25,12:25 AM
127,26,26,0,0,24,12,0,AM,00:26,12:26 AM
128,27,27,0,0,24,12,0,AM,00:27,12:27 AM
129,28,28,0,0,24,12,0,AM,00:28,12:28 AM
130,29,29,0,0,24,12,0,AM,00:29,12:29 AM
131,30,30,0,0,24,12,0,AM,00:30,12:30 AM
132,31,31,0,0,24,12,0,AM,00:31,12:31 AM
133,32,32,0,0,24,12,0,AM,00:32,12:32 AM
134,33,33,0,0,24,12,0,AM,00:33,12:33 AM
135,34,34,0,0,24,12,0,AM,00:34,12:34 AM
136,35,35,0,0,24,12,0,AM,00:35,12:35 AM
137,36,36,0,0,24,12,0,AM,00:36,12:36 AM
138,37,37,0,0,24,12,0,AM,00:37,12:37 AM
139,38,38,0,0,24,12,0,AM,00:38,12:38 AM
140,39,39,0,0,24,12,0,AM,00:39,12:39 AM
141,40,40,0,0,24,12,0,AM,00:40,12:40 AM
142,41,41,0,0,24,12,0,AM,00:41,12:41 AM
143,42,42,0,0,24,12,0,AM,00:42,12:42 AM
144,43,43,0,0,24,12,0,AM,00:43,12:43 AM
145,44,44,0,0,24,12,0,AM,00:44,12:44 AM
146,45,45,0,0,24,12,0,AM,00:45,12:45 AM
147,46,46,0,0,24,12,0,AM,00:46,12:46 AM
148,47,47,0,0,24,12,0,AM,00:47,12:47 AM
149,48,48,0,0,24,12,0,AM,00:48,12:48 AM
150,49,49,0,0,24,12,0,AM,00:49,12:49 AM
151,50,50,0,0,24,12,0,AM,00:50,12:50 AM
152,51,51,0,0,24,12,0,AM,00:51,12:51 AM
153,52,52,0,0,24,12,0,AM,00:52,12:52 AM
154,53,53,0,0,24,12,0,AM,00:53,12:53 AM
155,54,54,0,0,24,12,0,AM,00:54,12:54 AM
156,55,55,0,0,24,12,0,AM,00:55,12:55 AM
157,56,56,0,0,24,12,0,AM,00:56,12:56 AM
158,57,57,0,0,24,12,0,AM,00:57,12:57 AM
159,58,58,0,0,24,12,0,AM,00:58,12:58 AM
160,59,59,0,0,24,12,0,AM,00:59,12:59 AM
161,60,0,1,1,1,1,0,AM,01:00,01:00 AM
162,61,1,1,1,1,1,0,AM,01:01,01:01 AM
163,62,2,1,1,1,1,0,AM,01:02,01:02 AM
164,63,3,1,1,1,1,0,AM,01:03,01:03 AM
165,64,4,1,1,1,1,0,AM,01:04,01:04 AM
166,65,5,1,1,1,1,0,AM,01:05,01:05 AM
167,66,6,1,1,1,1,0,AM,01:06,01:06 AM
168,67,7,1,1,1,1,0,AM,01:07,01:07 AM
169,68,8,1,1,1,1,0,AM,01:08,01:08 AM
170,69,9,1,1,1,1,0,AM,01:09,01:09 AM
171,70,10,1,1,1,1,0,AM,01:10,01:10 AM
172,71,11,1,1,1,1,0,AM,01:11,01:11 AM
173,72,12,1,1,1,1,0,AM,01:12,01:12 AM
174,73,13,1,1,1,1,0,AM,01:13,01:13 AM
175,74,14,1,1,1,1,0,AM,01:14,01:14 AM
176,75,15,1,1,1,1,0,AM,01:15,01:15 AM
177,76,16,1,1,1,1,0,AM,01:16,01:16 AM
178,77,17,1,1,1,1,0,AM,01:17,01:17 AM
179,78,18,1,1,1,1,0,AM,01:18,01:18 AM
180,79,19,1,1,1,1,0,AM,01:19,01:19 AM
181,80,20,1,1,1,1,0,AM,01:20,01:20 AM
182,81,21,1,1,1,1,0,AM,01:21,01:21 AM
183,82,22,1,1,1,1,0,AM,01:22,01:22 AM
184,83,23,1,1,1,1,0,AM,01:23,01:23 AM
185,84,24,1,1,1,1,0,AM,01:24,01:24 AM
186,85,25,1,1,1,1,0,AM,01:25,01:25 AM
187,86,26,1,1,1,1,0,AM,01:26,01:26 AM
188,87,27,1,1,1,1,0,AM,01:27,01:27 AM
189,88,28,1,1,1,1,0,AM,01:28,01:28 AM
190,89,29,1,1,1,1,0,AM,01:29,01:29 AM
191,90,30,1,1,1,1,0,AM,01:30,01:30 AM
192,91,31,1,1,1,1,0,AM,01:31,01:31 AM
193,92,32,1,1,1,1,0,AM,01:32,01:32 AM
194,93,33,1,1,1,1,0,AM,01:33,01:33 AM
195,94,34,1,1,1,1,0,AM,01:34,01:34 AM
196,95,35,1,1,1,1,0,AM,01:35,01:35 AM
197,96,36,1,1,1,1,0,AM,01:36,01:36 AM
198,97,37,1,1,1,1,0,AM,01:37,01:37 AM
199,98,38,1,1,1,1,0,AM,01:38,01:38 AM
200,99,39,1,1,1,1,0,AM,01:39,01:39 AM
201,100,40,1,1,1,1,0,AM,01:40,01:40 AM
202,101,41,1,1,1,1,0,AM,01:41,01:41 AM
203,102,42,1,1,1,1,0,AM,01:42,01:42 AM
204,103,43,1,1,1,1,0,AM,01:43,01:43 AM
205,104,44,1,1,1,1,0,AM,01:44,01:44 AM
206,105,45,1,1,1,1,0,AM,01:45,01:45 AM
207,106,46,1,1,1,1,0,AM,01:46,01:46 AM
208,107,47,1,1,1,1,0,AM,01:47,01:47 AM
209,108,48,1,1,1,1,0,AM,01:48,01:48 AM
210,109,49,1,1,1,1,0,AM,01:49,01:49 AM
211,110,50,1,1,1,1,0,AM,01:50,01:50 AM
212,111,51,1,1,1,1,0,AM,01:51,01:51 AM
213,112,52,1,1,1,1,0,AM,01:52,01:52 AM
214,113,53,1,1,1,1,0,AM,01:53,01:53 AM
215,114,54,1,1,1,1,0,AM,01:54,01:54 AM
216,115,55,1,1,1,1,0,AM,01:55,01:55 AM
217,116,56,1,1,1,1,0,AM,01:56,01:56 AM
218,117,57,1,1,1,1,0,AM,01:57,01:57 AM
219,118,58,1,1,1,1,0,AM,01:58,01:58 AM
220,119,59,1,1,1,1,0,AM,01:59,01:59 AM
221,120,0,2,2,2,2,0,AM,02:00,02:00 AM
222,121,1,2,2,2,2,0,AM,02:01,02:01 AM
223,122,2,2,2,2,2,0,AM,02:02,02:02 AM
224,123,3,2,2,2,2,0,AM,02:03,02:03 AM
225,124,4,2,2,2,2,0,AM,02:04,02:04 AM
226,125,5,2,2,2,2,0,AM,02:05,02:05 AM
227,126,6,2,2,2,2,0,AM,02:06,02:06 AM
228,127,7,2,2,2,2,0,AM,02:07,02:07 AM
229,128,8,2,2,2,2,0,AM,02:08,02:08 AM
230,129,9,2,2,2,2,0,AM,02:09,02:09 AM
231,130,10,2,2,2,2,0,AM,02:10,02:10 AM
232,131,11,2,2,2,2,0,AM,02:11,02:11 AM
233,132,12,2,2,2,2,0,AM,02:12,02:12 AM
234,133,13,2,2,2,2,0,AM,02:13,02:13 AM
235,134,14,2,2,2,2,0,AM,02:14,02:14 AM
236,135,15,2,2,2,2,0,AM,02:15,02:15 AM
237,136,16,2,2,2,2,0,AM,02:16,02:16 AM
238,137,17,2,2,2,2,0,AM,02:17,02:17 AM
239,138,18,2,2,2,2,0,AM,02:18,02:18 AM
240,139,19,2,2,2,2,0,AM,02:19,02:19 AM
241,140,20,2,2,2,2,0,AM,02:20,02:20 AM
242,141,21,2,2,2,2,0,AM,02:21,02:21 AM
243,142,22,2,2,2,2,0,AM,02:22,02:22 AM
244,143,23,2,2,2,2,0,AM,02:23,02:23 AM
245,144,24,2,2,2,2,0,AM,02:24,02:24 AM
246,145,25,2,2,2,2,0,AM,02:25,02:25 AM
247,146,26,2,2,2,2,0,AM,02:26,02:26 AM
248,147,27,2,2,2,2,0,AM,02:27,02:27 AM
249,148,28,2,2,2,2,0,AM,02:28,02:28 AM
250,149,29,2,2,2,2,0,AM,02:29,02:29 AM
251,150,30,2,2,2,2,0,AM,02:30,02:30 AM
252,151,31,2,2,2,2,0,AM,02:31,02:31 AM
253,152,32,2,2,2,2,0,AM,02:32,02:32 AM
254,153,33,2,2,2,2,0,AM,02:33,02:33 AM
255,154,34,2,2,2,2,0,AM,02:34,02:34 AM
256,155,35,2,2,2,2,0,AM,02:35,02:35 AM
257,156,36,2,2,2,2,0,AM,02:36,02:36 AM
258,157,37,2,2,2,2,0,AM,02:37,02:37 AM
259,158,38,2,2,2,2,0,AM,02:38,02:38 AM
260,159,39,2,2,2,2,0,AM,02:39,02:39 AM
261,160,40,2,2,2,2,0,AM,02:40,02:40 AM
262,161,41,2,2,2,2,0,AM,02:41,02:41 AM
263,162,42,2,2,2,2,0,AM,02:42,02:42 AM
264,163,43,2,2,2,2,0,AM,02:43,02:43 AM
265,164,44,2,2,2,2,0,AM,02:44,02:44 AM
266,165,45,2,2,2,2,0,AM,02:45,02:45 AM
267,166,46,2,2,2,2,0,AM,02:46,02:46 AM
268,167,47,2,2,2,2,0,AM,02:47,02:47 AM
269,168,48,2,2,2,2,0,AM,02:48,02:48 AM
270,169,49,2,2,2,2,0,AM,02:49,02:49 AM
271,170,50,2,2,2,2,0,AM,02:50,02:50 AM
272,171,51,2,2,2,2,0,AM,02:51,02:51 AM
273,172,52,2,2,2,2,0,AM,02:52,02:52 AM
274,173,53,2,2,2,2,0,AM,02:53,02:53 AM
275,174,54,2,2,2,2,0,AM,02:54,02:54 AM
276,175,55,2,2,2,2,0,AM,02:55,02:55 AM
277,176,56,2,2,2,2,0,AM,02:56,02:56 AM
278,177,57,2,2,2,2,0,AM,02:57,02:57 AM
279,178,58,2,2,2,2,0,AM,02:58,02:58 AM
280,179,59,2,2,2,2,0,AM,02:59,02:59 AM
281,180,0,3,3,3,3,0,AM,03:00,03:00 AM
282,181,1,3,3,3,3,0,AM,03:01,03:01 AM
283,182,2,3,3,3,3,0,AM,03:02,03:02 AM
284,183,3,3,3,3,3,0,AM,03:03,03:03 AM
285,184,4,3,3,3,3,0,AM,03:04,03:04 AM
286,185,5,3,3,3,3,0,AM,03:05,03:05 AM
287,186,6,3,3,3,3,0,AM,03:06,03:06 AM
288,187,7,3,3,3,3,0,AM,03:07,03:07 AM
289,188,8,3,3,3,3,0,AM,03:08,03:08 AM
290,189,9,3,3,3,3,0,AM,03:09,03:09 AM
291,190,10,3,3,3,3,0,AM,03:10,03:10 AM
292,191,11,3,3,3,3,0,AM,03:11,03:11 AM
293,192,12,3,3,3,3,0,AM,03:12,03:12 AM
294,193,13,3,3,3,3,0,AM,03:13,03:13 AM
295,194,14,3,3,3,3,0,AM,03:14,03:14 AM
296,195,15,3,3,3,3,0,AM,03:15,03:15 AM
297,196,16,3,3,3,3,0,AM,03:16,03:16 AM
298,197,17,3,3,3,3,0,AM,03:17,03:17 AM
299,198,18,3,3,3,3,0,AM,03:18,03:18 AM
300,199,19,3,3,3,3,0,AM,03:19,03:19 AM
301,200,20,3,3,3,3,0,AM,03:20,03:20 AM
302,201,21,3,3,3,3,0,AM,03:21,03:21 AM
303,202,22,3,3,3,3,0,AM,03:22,03:22 AM
304,203,23,3,3,3,3,0,AM,03:23,03:23 AM
305,204,24,3,3,3,3,0,AM,03:24,03:24 AM
306,205,25,3,3,3,3,0,AM,03:25,03:25 AM
307,206,26,3,3,3,3,0,AM,03:26,03:26 AM
308,207,27,3,3,3,3,0,AM,03:27,03:27 AM
309,208,28,3,3,3,3,0,AM,03:28,03:28 AM
310,209,29,3,3,3,3,0,AM,03:29,03:29 AM
311,210,30,3,3,3,3,0,AM,03:30,03:30 AM
312,211,31,3,3,3,3,0,AM,03:31,03:31 AM
313,212,32,3,3,3,3,0,AM,03:32,03:32 AM
314,213,33,3,3,3,3,0,AM,03:33,03:33 AM
315,214,34,3,3,3,3,0,AM,03:34,03:34 AM
316,215,35,3,3,3,3,0,AM,03:35,03:35 AM
317,216,36,3,3,3,3,0,AM,03:36,03:36 AM
318,217,37,3,3,3,3,0,AM,03:37,03:37 AM
319,218,38,3,3,3,3,0,AM,03:38,03:38 AM
320,219,39,3,3,3,3,0,AM,03:39,03:39 AM
321,220,40,3,3,3,3,0,AM,03:40,03:40 AM
322,221,41,3,3,3,3,0,AM,03:41,03:41 AM
323,222,42,3,3,3,3,0,AM,03:42,03:42 AM
324,223,43,3,3,3,3,0,AM,03:43,03:43 AM
325,224,44,3,3,3,3,0,AM,03:44,03:44 AM
326,225,45,3,3,3,3,0,AM,03:45,03:45 AM
327,226,46,3,3,3,3,0,AM,03:46,03:46 AM
328,227,47,3,3,3,3,0,AM,03:47,03:47 AM
329,228,48,3,3,3,3,0,AM,03:48,03:48 AM
330,229,49,3,3,3,3,0,AM,03:49,03:49 AM
331,230,50,3,3,3,3,0,AM,03:50,03:50 AM
332,231,51,3,3,3,3,0,AM,03:51,03:51 AM
333,232,52,3,3,3,3,0,AM,03:52,03:52 AM
334,233,53,3,3,3,3,0,AM,03:53,03:53 AM
335,234,54,3,3,3,3,0,AM,03:54,03:54 AM
336,235,55,3,3,3,3,0,AM,03:55,03:55 AM
337,236,56,3,3,3,3,0,AM,03:56,03:56 AM
338,237,57,3,3,3,3,0,AM,03:57,03:57 AM
339,238,58,3,3,3,3,0,AM,03:58,03:58 AM
340,239,59,3,3,3,3,0,AM,03:59,03:59 AM
341,240,0,4,4,4,4,0,AM,04:00,04:00 AM
342,241,1,4,4,4,4,0,AM,04:01,04:01 AM
343,242,2,4,4,4,4,0,AM,04:02,04:02 AM
344,243,3,4,4,4,4,0,AM,04:03,04:03 AM
345,244,4,4,4,4,4,0,AM,04:04,04:04 AM
346,245,5,4,4,4,4,0,AM,04:05,04:05 AM
347,246,6,4,4,4,4,0,AM,04:06,04:06 AM
348,247,7,4,4,4,4,0,AM,04:07,04:07 AM
349,248,8,4,4,4,4,0,AM,04:08,04:08 AM
350,249,9,4,4,4,4,0,AM,04:09,04:09 AM
351,250,10,4,4,4,4,0,AM,04:10,04:10 AM
352,251,11,4,4,4,4,0,AM,04:11,04:11 AM
353,252,12,4,4,4,4,0,AM,04:12,04:12 AM
354,253,13,4,4,4,4,0,AM,04:13,04:13 AM
355,254,14,4,4,4,4,0,AM,04:14,04:14 AM
356,255,15,4,4,4,4,0,AM,04:15,04:15 AM
357,256,16,4,4,4,4,0,AM,04:16,04:16 AM
358,257,17,4,4,4,4,0,AM,04:17,04:17 AM
359,258,18,4,4,4,4,0,AM,04:18,04:18 AM
360,259,19,4,4,4,4,0,AM,04:19,04:19 AM
361,260,20,4,4,4,4,0,AM,04:20,04:20 AM
362,261,21,4,4,4,4,0,AM,04:21,04:21 AM
363,262,22,4,4,4,4,0,AM,04:22,04:22 AM
364,263,23,4,4,4,4,0,AM,04:23,04:23 AM
365,264,24,4,4,4,4,0,AM,04:24,04:24 AM
366,265,25,4,4,4,4,0,AM,04:25,04:25 AM
367,266,26,4,4,4,4,0,AM,04:26,04:26 AM
368,267,27,4,4,4,4,0,AM,04:27,04:27 AM
369,268,28,4,4,4,4,0,AM,04:28,04:28 AM
370,269,29,4,4,4,4,0,AM,04:29,04:29 AM
371,270,30,4,4,4,4,0,AM,04:30,04:30 AM
372,271,31,4,4,4,4,0,AM,04:31,04:31 AM
373,272,32,4,4,4,4,0,AM,04:32,04:32 AM
374,273,33,4,4,4,4,0,AM,04:33,04:33 AM
375,274,34,4,4,4,4,0,AM,04:34,04:34 AM
376,275,35,4,4,4,4,0,AM,04:35,04:35 AM
377,276,36,4,4,4,4,0,AM,04:36,04:36 AM
378,277,37,4,4,4,4,0,AM,04:37,04:37 AM
379,278,38,4,4,4,4,0,AM,04:38,04:38 AM
380,279,39,4,4,4,4,0,AM,04:39,04:39 AM
381,280,40,4,4,4,4,0,AM,04:40,04:40 AM
382,281,41,4,4,4,4,0,AM,04:41,04:41 AM
383,282,42,4,4,4,4,0,AM,04:42,04:42 AM
384,283,43,4,4,4,4,0,AM,04:43,04:43 AM
385,284,44,4,4,4,4,0,AM,04:44,04:44 AM
386,285,45,4,4,4,4,0,AM,04:45,04:45 AM
387,286,46,4,4,4,4,0,AM,04:46,04:46 AM
388,287,47,4,4,4,4,0,AM,04:47,04:47 AM
389,288,48,4,4,4,4,0,AM,04:48,04:48 AM
390,289,49,4,4,4,4,0,AM,04:49,04:49 AM
391,290,50,4,4,4,4,0,AM,04:50,04:50 AM
392,291,51,4,4,4,4,0,AM,04:51,04:51 AM
393,292,52,4,4,4,4,0,AM,04:52,04:52 AM
394,293,53,4,4,4,4,0,AM,04:53,04:53 AM
395,294,54,4,4,4,4,0,AM,04:54,04:54 AM
396,295,55,4,4,4,4,0,AM,04:55,04:55 AM
397,296,56,4,4,4,4,0,AM,04:56,04:56 AM
398,297,57,4,4,4,4,0,AM,04:57,04:57 AM
399,298,58,4,4,4,4,0,AM,04:58,04:58 AM
400,299,59,4,4,4,4,0,AM,04:59,04:59 AM
401,300,0,5,5,5,5,0,AM,05:00,05:00 AM
402,301,1,5,5,5,5,0,AM,05:01,05:01 AM
403,302,2,5,5,5,5,0,AM,05:02,05:02 AM
404,303,3,5,5,5,5,0,AM,05:03,05:03 AM
405,304,4,5,5,5,5,0,AM,05:04,05:04 AM
406,305,5,5,5,5,5,0,AM,05:05,05:05 AM
407,306,6,5,5,5,5,0,AM,05:06,05:06 AM
408,307,7,5,5,5,5,0,AM,05:07,05:07 AM
409,308,8,5,5,5,5,0,AM,05:08,05:08 AM
410,309,9,5,5,5,5,0,AM,05:09,05:09 AM
411,310,10,5,5,5,5,0,AM,05:10,05:10 AM
412,311,11,5,5,5,5,0,AM,05:11,05:11 AM
413,312,12,5,5,5,5,0,AM,05:12,05:12 AM
414,313,13,5,5,5,5,0,AM,05:13,05:13 AM
415,314,14,5,5,5,5,0,AM,05:14,05:14 AM
416,315,15,5,5,5,5,0,AM,05:15,05:15 AM
417,316,16,5,5,5,5,0,AM,05:16,05:16 AM
418,317,17,5,5,5,5,0,AM,05:17,05:17 AM
419,318,18,5,5,5,5,0,AM,05:18,05:18 AM
420,319,19,5,5,5,5,0,AM,05:19,05:19 AM
421,320,20,5,5,5,5,0,AM,05:20,05:20 AM
422,321,21,5,5,5,5,0,AM,05:21,05:21 AM
423,322,22,5,5,5,5,0,AM,05:22,05:22 AM
424,323,23,5,5,5,5,0,AM,05:23,05:23 AM
425,324,24,5,5,5,5,0,AM,05:24,05:24 AM
426,325,25,5,5,5,5,0,AM,05:25,05:25 AM
427,326,26,5,5,5,5,0,AM,05:26,05:26 AM
428,327,27,5,5,5,5,0,AM,05:27,05:27 AM
429,328,28,5,5,5,5,0,AM,05:28,05:28 AM
430,329,29,5,5,5,5,0,AM,05:29,05:29 AM
431,330,30,5,5,5,5,0,AM,05:30,05:30 AM
432,331,31,5,5,5,5,0,AM,05:31,05:31 AM
433,332,32,5,5,5,5,0,AM,05:32,05:32 AM
434,333,33,5,5,5,5,0,AM,05:33,05:33 AM
435,334,34,5,5,5,5,0,AM,05:34,05:34 AM
436,335,35,5,5,5,5,0,AM,05:35,05:35 AM
437,336,36,5,5,5,5,0,AM,05:36,05:36 AM
438,337,37,5,5,5,5,0,AM,05:37,05:37 AM
439,338,38,5,5,5,5,0,AM,05:38,05:38 AM
440,339,39,5,5,5,5,0,AM,05:39,05:39 AM
441,340,40,5,5,5,5,0,AM,05:40,05:40 AM
442,341,41,5,5,5,5,0,AM,05:41,05:41 AM
443,342,42,5,5,5,5,0,AM,05:42,05:42 AM
444,343,43,5,5,5,5,0,AM,05:43,05:43 AM
445,344,44,5,5,5,5,0,AM,05:44,05:44 AM
446,345,45,5,5,5,5,0,AM,05:45,05:45 AM
447,346,46,5,5,5,5,0,AM,05:46,05:46 AM
448,347,47,5,5,5,5,0,AM,05:47,05:47 AM
449,348,48,5,5,5,5,0,AM,05:48,05:48 AM
450,349,49,5,5,5,5,0,AM,05:49,05:49 AM
451,350,50,5,5,5,5,0,AM,05:50,05:50 AM
452,351,51,5,5,5,5,0,AM,05:51,05:51 AM
453,352,52,5,5,5,5,0,AM,05:52,05:52 AM
454,353,53,5,5,5,5,0,AM,05:53,05:53 AM
455,354,54,5,5,5,5,0,AM,05:54,05:54 AM
456,355,55,5,5,5,5,0,AM,05:55,05:55 AM
457,356,56,5,5,5,5,0,AM,05:56,05:56 AM
458,357,57,5,5,5,5,0,AM,05:57,05:57 AM
459,358,58,5,5,5,5,0,AM,05:58,05:58 AM
460,359,59,5,5,5,5,0,AM,05:59,05:59 AM
461,360,0,6,6,6,6,0,AM,06:00,06:00 AM
462,361,1,6,6,6,6,0,AM,06:01,06:01 AM
463,362,2,6,6,6,6,0,AM,06:02,06:02 AM
464,363,3,6,6,6,6,0,AM,06:03,06:03 AM
465,364,4,6,6,6,6,0,AM,06:04,06:04 AM
466,365,5,6,6,6,6,0,AM,06:05,06:05 AM
467,366,6,6,6,6,6,0,AM,06:06,06:06 AM
468,367,7,6,6,6,6,0,AM,06:07,06:07 AM
469,368,8,6,6,6,6,0,AM,06:08,06:08 AM
470,369,9,6,6,6,6,0,AM,06:09,06:09 AM
471,370,10,6,6,6,6,0,AM,06:10,06:10 AM
472,371,11,6,6,6,6,0,AM,06:11,06:11 AM
473,372,12,6,6,6,6,0,AM,06:12,06:12 AM
474,373,13,6,6,6,6,0,AM,06:13,06:13 AM
475,374,14,6,6,6,6,0,AM,06:14,06:14 AM
476,375,15,6,6,6,6,0,AM,06:15,06:15 AM
477,376,16,6,6,6,6,0,AM,06:16,06:16 AM
478,377,17,6,6,6,6,0,AM,06:17,06:17 AM
479,378,18,6,6,6,6,0,AM,06:18,06:18 AM
480,379,19,6,6,6,6,0,AM,06:19,06:19 AM
481,380,20,6,6,6,6,0,AM,06:20,06:20 AM
482,381,21,6,6,6,6,0,AM,06:21,06:21 AM
483,382,22,6,6,6,6,0,AM,06:22,06:22 AM
484,383,23,6,6,6,6,0,AM,06:23,06:23 AM
485,384,24,6,6,6,6,0,AM,06:24,06:24 AM
486,385,25,6,6,6,6,0,AM,06:25,06:25 AM
487,386,26,6,6,6,6,0,AM,06:26,06:26 AM
488,387,27,6,6,6,6,0,AM,06:27,06:27 AM
489,388,28,6,6,6,6,0,AM,06:28,06:28 AM
490,389,29,6,6,6,6,0,AM,06:29,06:29 AM
491,390,30,6,6,6,6,0,AM,06:30,06:30 AM
492,391,31,6,6,6,6,0,AM,06:31,06:31 AM
493,392,32,6,6,6,6,0,AM,06:32,06:32 AM
494,393,33,6,6,6,6,0,AM,06:33,06:33 AM
495,394,34,6,6,6,6,0,AM,06:34,06:34 AM
496,395,35,6,6,6,6,0,AM,06:35,06:35 AM
497,396,36,6,6,6,6,0,AM,06:36,06:36 AM
498,397,37,6,6,6,6,0,AM,06:37,06:37 AM
499,398,38,6,6,6,6,0,AM,06:38,06:38 AM
500,399,39,6,6,6,6,0,AM,06:39,06:39 AM
501,400,40,6,6,6,6,0,AM,06:40,06:40 AM
502,401,41,6,6,6,6,0,AM,06:41,06:41 AM
503,402,42,6,6,6,6,0,AM,06:42,06:42 AM
504,403,43,6,6,6,6,0,AM,06:43,06:43 AM
505,404,44,6,6,6,6,0,AM,06:44,06:44 AM
506,405,45,6,6,6,6,0,AM,06:45,06:45 AM
507,406,46,6,6,6,6,0,AM,06:46,06:46 AM
508,407,47,6,6,6,6,0,AM,06:47,06:47 AM
509,408,48,6,6,6,6,0,AM,06:48,06:48 AM
510,409,49,6,6,6,6,0,AM,06:49,06:49 AM
511,410,50,6,6,6,6,0,AM,06:50,06:50 AM
512,411,51,6,6,6,6,0,AM,06:51,06:51 AM
513,412,52,6,6,6,6,0,AM,06:52,06:52 AM
514,413,53,6,6,6,6,0,AM,06:53,06:53 AM
515,414,54,6,6,6,6,0,AM,06:54,06:54 AM
516,415,55,6,6,6,6,0,AM,06:55,06:55 AM
517,416,56,6,6,6,6,0,AM,06:56,06:56 AM
518,417,57,6,6,6,6,0,AM,06:57,06:57 AM
519,418,58,6,6,6,6,0,AM,06:58,06:58 AM
520,419,59,6,6,6,6,0,AM,06:59,06:59 AM
521,420,0,7,7,7,7,0,AM,07:00,07:00 AM
522,421,1,7,7,7,7,0,AM,07:01,07:01 AM
523,422,2,7,7,7,7,0,AM,07:02,07:02 AM
524,423,3,7,7,7,7,0,AM,07:03,07:03 AM
525,424,4,7,7,7,7,0,AM,07:04,07:04 AM
526,425,5,7,7,7,7,0,AM,07:05,07:05 AM
527,426,6,7,7,7,7,0,AM,07:06,07:06 AM
528,427,7,7,7,7,7,0,AM,07:07,07:07 AM
529,428,8,7,7,7,7,0,AM,07:08,07:08 AM
530,429,9,7,7,7,7,0,AM,07:09,07:09 AM
531,430,10,7,7,7,7,0,AM,07:10,07:10 AM
532,431,11,7,7,7,7,0,AM,07:11,07:11 AM
533,432,12,7,7,7,7,0,AM,07:12,07:12 AM
534,433,13,7,7,7,7,0,AM,07:13,07:13 AM
535,434,14,7,7,7,7,0,AM,07:14,07:14 AM
536,435,15,7,7,7,7,0,AM,07:15,07:15 AM
537,436,16,7,7,7,7,0,AM,07:16,07:16 AM
538,437,17,7,7,7,7,0,AM,07:17,07:17 AM
539,438,18,7,7,7,7,0,AM,07:18,07:18 AM
540,439,19,7,7,7,7,0,AM,07:19,07:19 AM
541,440,20,7,7,7,7,0,AM,07:20,07:20 AM
542,441,21,7,7,7,7,0,AM,07:21,07:21 AM
543,442,22,7,7,7,7,0,AM,07:22,07:22 AM
544,443,23,7,7,7,7,0,AM,07:23,07:23 AM
545,444,24,7,7,7,7,0,AM,07:24,07:24 AM
546,445,25,7,7,7,7,0,AM,07:25,07:25 AM
547,446,26,7,7,7,7,0,AM,07:26,07:26 AM
548,447,27,7,7,7,7,0,AM,07:27,07:27 AM
549,448,28,7,7,7,7,0,AM,07:28,07:28 AM
550,449,29,7,7,7,7,0,AM,07:29,07:29 AM
551,450,30,7,7,7,7,0,AM,07:30,07:30 AM
552,451,31,7,7,7,7,0,AM,07:31,07:31 AM
553,452,32,7,7,7,7,0,AM,07:32,07:32 AM
554,453,33,7,7,7,7,0,AM,07:33,07:33 AM
555,454,34,7,7,7,7,0,AM,07:34,07:34 AM
556,455,35,7,7,7,7,0,AM,07:35,07:35 AM
557,456,36,7,7,7,7,0,AM,07:36,07:36 AM
558,457,37,7,7,7,7,0,AM,07:37,07:37 AM
559,458,38,7,7,7,7,0,AM,07:38,07:38 AM
560,459,39,7,7,7,7,0,AM,07:39,07:39 AM
561,460,40,7,7,7,7,0,AM,07:40,07:40 AM
562,461,41,7,7,7,7,0,AM,07:41,07:41 AM
563,462,42,7,7,7,7,0,AM,07:42,07:42 AM
564,463,43,7,7,7,7,0,AM,07:43,07:43 AM
565,464,44,7,7,7,7,0,AM,07:44,07:44 AM
566,465,45,7,7,7,7,0,AM,07:45,07:45 AM
567,466,46,7,7,7,7,0,AM,07:46,07:46 AM
568,467,47,7,7,7,7,0,AM,07:47,07:47 AM
569,468,48,7,7,7,7,0,AM,07:48,07:48 AM
570,469,49,7,7,7,7,0,AM,07:49,07:49 AM
571,470,50,7,7,7,7,0,AM,07:50,07:50 AM
572,471,51,7,7,7,7,0,AM,07:51,07:51 AM
573,472,52,7,7,7,7,0,AM,07:52,07:52 AM
574,473,53,7,7,7,7,0,AM,07:53,07:53 AM
575,474,54,7,7,7,7,0,AM,07:54,07:54 AM
576,475,55,7,7,7,7,0,AM,07:55,07:55 AM
577,476,56,7,7,7,7,0,AM,07:56,07:56 AM
578,477,57,7,7,7,7,0,AM,07:57,07:57 AM
579,478,58,7,7,7,7,0,AM,07:58,07:58 AM
580,479,59,7,7,7,7,0,AM,07:59,07:59 AM
581,480,0,8,8,8,8,0,AM,08:00,08:00 AM
582,481,1,8,8,8,8,0,AM,08:01,08:01 AM
583,482,2,8,8,8,8,0,AM,08:02,08:02 AM
584,483,3,8,8,8,8,0,AM,08:03,08:03 AM
585,484,4,8,8,8,8,0,AM,08:04,08:04 AM
586,485,5,8,8,8,8,0,AM,08:05,08:05 AM
587,486,6,8,8,8,8,0,AM,08:06,08:06 AM
588,487,7,8,8,8,8,0,AM,08:07,08:07 AM
589,488,8,8,8,8,8,0,AM,08:08,08:08 AM
590,489,9,8,8,8,8,0,AM,08:09,08:09 AM
591,490,10,8,8,8,8,0,AM,08:10,08:10 AM
592,491,11,8,8,8,8,0,AM,08:11,08:11 AM
593,492,12,8,8,8,8,0,AM,08:12,08:12 AM
594,493,13,8,8,8,8,0,AM,08:13,08:13 AM
595,494,14,8,8,8,8,0,AM,08:14,08:14 AM
596,495,15,8,8,8,8,0,AM,08:15,08:15 AM
597,496,16,8,8,8,8,0,AM,08:16,08:16 AM
598,497,17,8,8,8,8,0,AM,08:17,08:17 AM
599,498,18,8,8,8,8,0,AM,08:18,08:18 AM
600,499,19,8,8,8,8,0,AM,08:19,08:19 AM
601,500,20,8,8,8,8,0,AM,08:20,08:20 AM
602,501,21,8,8,8,8,0,AM,08:21,08:21 AM
603,502,22,8,8,8,8,0,AM,08:22,08:22 AM
604,503,23,8,8,8,8,0,AM,08:23,08:23 AM
605,504,24,8,8,8,8,0,AM,08:24,08:24 AM
606,505,25,8,8,8,8,0,AM,08:25,08:25 AM
607,506,26,8,8,8,8,0,AM,08:26,08:26 AM
608,507,27,8,8,8,8,0,AM,08:27,08:27 AM
609,508,28,8,8,8,8,0,AM,08:28,08:28 AM
610,509,29,8,8,8,8,0,AM,08:29,08:29 AM
611,510,30,8,8,8,8,0,AM,08:30,08:30 AM
612,511,31,8,8,8,8,0,AM,08:31,08:31 AM
613,512,32,8,8,8,8,0,AM,08:32,08:32 AM
614,513,33,8,8,8,8,0,AM,08:33,08:33 AM
615,514,34,8,8,8,8,0,AM,08:34,08:34 AM
616,515,35,8,8,8,8,0,AM,08:35,08:35 AM
617,516,36,8,8,8,8,0,AM,08:36,08:36 AM
618,517,37,8,8,8,8,0,AM,08:37,08:37 AM
619,518,38,8,8,8,8,0,AM,08:38,08:38 AM
620,519,39,8,8,8,8,0,AM,08:39,08:39 AM
621,520,40,8,8,8,8,0,AM,08:40,08:40 AM
622,521,41,8,8,8,8,0,AM,08:41,08:41 AM
623,522,42,8,8,8,8,0,AM,08:42,08:42 AM
624,523,43,8,8,8,8,0,AM,08:43,08:43 AM
625,524,44,8,8,8,8,0,AM,08:44,08:44 AM
626,525,45,8,8,8,8,0,AM,08:45,08:45 AM
627,526,46,8,8,8,8,0,AM,08:46,08:46 AM
628,527,47,8,8,8,8,0,AM,08:47,08:47 AM
629,528,48,8,8,8,8,0,AM,08:48,08:48 AM
630,529,49,8,8,8,8,0,AM,08:49,08:49 AM
631,530,50,8,8,8,8,0,AM,08:50,08:50 AM
632,531,51,8,8,8,8,0,AM,08:51,08:51 AM
633,532,52,8,8,8,8,0,AM,08:52,08:52 AM
634,533,53,8,8,8,8,0,AM,08:53,08:53 AM
635,534,54,8,8,8,8,0,AM,08:54,08:54 AM
636,535,55,8,8,8,8,0,AM,08:55,08:55 AM
637,536,56,8,8,8,8,0,AM,08:56,08:56 AM
638,537,57,8,8,8,8,0,AM,08:57,08:57 AM
639,538,58,8,8,8,8,0,AM,08:58,08:58 AM
640,539,59,8,8,8,8,0,AM,08:59,08:59 AM
641,540,0,9,9,9,9,0,AM,09:00,09:00 AM
642,541,1,9,9,9,9,0,AM,09:01,09:01 AM
643,542,2,9,9,9,9,0,AM,09:02,09:02 AM
644,543,3,9,9,9,9,0,AM,09:03,09:03 AM
645,544,4,9,9,9,9,0,AM,09:04,09:04 AM
646,545,5,9,9,9,9,0,AM,09:05,09:05 AM
647,546,6,9,9,9,9,0,AM,09:06,09:06 AM
648,547,7,9,9,9,9,0,AM,09:07,09:07 AM
649,548,8,9,9,9,9,0,AM,09:08,09:08 AM
650,549,9,9,9,9,9,0,AM,09:09,09:09 AM
651,550,10,9,9,9,9,0,AM,09:10,09:10 AM
652,551,11,9,9,9,9,0,AM,09:11,09:11 AM
653,552,12,9,9,9,9,0,AM,09:12,09:12 AM
654,553,13,9,9,9,9,0,AM,09:13,09:13 AM
655,554,14,9,9,9,9,0,AM,09:14,09:14 AM
656,555,15,9,9,9,9,0,AM,09:15,09:15 AM
657,556,16,9,9,9,9,0,AM,09:16,09:16 AM
658,557,17,9,9,9,9,0,AM,09:17,09:17 AM
659,558,18,9,9,9,9,0,AM,09:18,09:18 AM
660,559,19,9,9,9,9,0,AM,09:19,09:19 AM
661,560,20,9,9,9,9,0,AM,09:20,09:20 AM
662,561,21,9,9,9,9,0,AM,09:21,09:21 AM
663,562,22,9,9,9,9,0,AM,09:22,09:22 AM
664,563,23,9,9,9,9,0,AM,09:23,09:23 AM
665,564,24,9,9,9,9,0,AM,09:24,09:24 AM
666,565,25,9,9,9,9,0,AM,09:25,09:25 AM
667,566,26,9,9,9,9,0,AM,09:26,09:26 AM
668,567,27,9,9,9,9,0,AM,09:27,09:27 AM
669,568,28,9,9,9,9,0,AM,09:28,09:28 AM
670,569,29,9,9,9,9,0,AM,09:29,09:29 AM
671,570,30,9,9,9,9,0,AM,09:30,09:30 AM
672,571,31,9,9,9,9,0,AM,09:31,09:31 AM
673,572,32,9,9,9,9,0,AM,09:32,09:32 AM
674,573,33,9,9,9,9,0,AM,09:33,09:33 AM
675,574,34,9,9,9,9,0,AM,09:34,09:34 AM
676,575,35,9,9,9,9,0,AM,09:35,09:35 AM
677,576,36,9,9,9,9,0,AM,09:36,09:36 AM
678,577,37,9,9,9,9,0,AM,09:37,09:37 AM
679,578,38,9,9,9,9,0,AM,09:38,09:38 AM
680,579,39,9,9,9,9,0,AM,09:39,09:39 AM
681,580,40,9,9,9,9,0,AM,09:40,09:40 AM
682,581,41,9,9,9,9,0,AM,09:41,09:41 AM
683,582,42,9,9,9,9,0,AM,09:42,09:42 AM
684,583,43,9,9,9,9,0,AM,09:43,09:43 AM
685,584,44,9,9,9,9,0,AM,09:44,09:44 AM
686,585,45,9,9,9,9,0,AM,09:45,09:45 AM
687,586,46,9,9,9,9,0,AM,09:46,09:46 AM
688,587,47,9,9,9,9,0,AM,09:47,09:47 AM
689,588,48,9,9,9,9,0,AM,09:48,09:48 AM
690,589,49,9,9,9,9,0,AM,09:49,09:49 AM
691,590,50,9,9,9,9,0,AM,09:50,09:50 AM
692,591,51,9,9,9,9,0,AM,09:51,09:51 AM
693,592,52,9,9,9,9,0,AM,09:52,09:52 AM
694,593,53,9,9,9,9,0,AM,09:53,09:53 AM
695,594,54,9,9,9,9,0,AM,09:54,09:54 AM
696,595,55,9,9,9,9,0,AM,09:55,09:55 AM
697,596,56,9,9,9,9,0,AM,09:56,09:56 AM
698,597,57,9,9,9,9,0,AM,09:57,09:57 AM
699,598,58,9,9,9,9,0,AM,09:58,09:58 AM
700,599,59,9,9,9,9,0,AM,09:59,09:59 AM
701,600,0,10,10,10,10,0,AM,10:00,10:00 AM
702,601,1,10,10,10,10,0,AM,10:01,10:01 AM
703,602,2,10,10,10,10,0,AM,10:02,10:02 AM
704,603,3,10,10,10,10,0,AM,10:03,10:03 AM
705,604,4,10,10,10,10,0,AM,10:04,10:04 AM
706,605,5,10,10,10,10,0,AM,10:05,10:05 AM
707,606,6,10,10,10,10,0,AM,10:06,10:06 AM
708,607,7,10,10,10,10,0,AM,10:07,10:07 AM
709,608,8,10,10,10,10,0,AM,10:08,10:08 AM
710,609,9,10,10,10,10,0,AM,10:09,10:09 AM
711,610,10,10,10,10,10,0,AM,10:10,10:10 AM
712,611,11,10,10,10,10,0,AM,10:11,10:11 AM
713,612,12,10,10,10,10,0,AM,10:12,10:12 AM
714,613,13,10,10,10,10,0,AM,10:13,10:13 AM
715,614,14,10,10,10,10,0,AM,10:14,10:14 AM
716,615,15,10,10,10,10,0,AM,10:15,10:15 AM
717,616,16,10,10,10,10,0,AM,10:16,10:16 AM
718,617,17,10,10,10,10,0,AM,10:17,10:17 AM
719,618,18,10,10,10,10,0,AM,10:18,10:18 AM
720,619,19,10,10,10,10,0,AM,10:19,10:19 AM
721,620,20,10,10,10,10,0,AM,10:20,10:20 AM
722,621,21,10,10,10,10,0,AM,10:21,10:21 AM
723,622,22,10,10,10,10,0,AM,10:22,10:22 AM
724,623,23,10,10,10,10,0,AM,10:23,10:23 AM
725,624,24,10,10,10,10,0,AM,10:24,10:24 AM
726,625,25,10,10,10,10,0,AM,10:25,10:25 AM
727,626,26,10,10,10,10,0,AM,10:26,10:26 AM
728,627,27,10,10,10,10,0,AM,10:27,10:27 AM
729,628,28,10,10,10,10,0,AM,10:28,10:28 AM
730,629,29,10,10,10,10,0,AM,10:29,10:29 AM
731,630,30,10,10,10,10,0,AM,10:30,10:30 AM
732,631,31,10,10,10,10,0,AM,10:31,10:31 AM
733,632,32,10,10,10,10,0,AM,10:32,10:32 AM
734,633,33,10,10,10,10,0,AM,10:33,10:33 AM
735,634,34,10,10,10,10,0,AM,10:34,10:34 AM
736,635,35,10,10,10,10,0,AM,10:35,10:35 AM
737,636,36,10,10,10,10,0,AM,10:36,10:36 AM
738,637,37,10,10,10,10,0,AM,10:37,10:37 AM
739,638,38,10,10,10,10,0,AM,10:38,10:38 AM
740,639,39,10,10,10,10,0,AM,10:39,10:39 AM
741,640,40,10,10,10,10,0,AM,10:40,10:40 AM
742,641,41,10,10,10,10,0,AM,10:41,10:41 AM
743,642,42,10,10,10,10,0,AM,10:42,10:42 AM
744,643,43,10,10,10,10,0,AM,10:43,10:43 AM
745,644,44,10,10,10,10,0,AM,10:44,10:44 AM
746,645,45,10,10,10,10,0,AM,10:45,10:45 AM
747,646,46,10,10,10,10,0,AM,10:46,10:46 AM
748,647,47,10,10,10,10,0,AM,10:47,10:47 AM
749,648,48,10,10,10,10,0,AM,10:48,10:48 AM
750,649,49,10,10,10,10,0,AM,10:49,10:49 AM
751,650,50,10,10,10,10,0,AM,10:50,10:50 AM
752,651,51,10,10,10,10,0,AM,10:51,10:51 AM
753,652,52,10,10,10,10,0,AM,10:52,10:52 AM
754,653,53,10,10,10,10,0,AM,10:53,10:53 AM
755,654,54,10,10,10,10,0,AM,10:54,10:54 AM
756,655,55,10,10,10,10,0,AM,10:55,10:55 AM
757,656,56,10,10,10,10,0,AM,10:56,10:56 AM
758,657,57,10,10,10,10,0,AM,10:57,10:57 AM
759,658,58,10,10,10,10,0,AM,10:58,10:58 AM
760,659,59,10,10,10,10,0,AM,10:59,10:59 AM
761,660,0,11,11,11,11,0,AM,11:00,11:00 AM
762,661,1,11,11,11,11,0,AM,11:01,11:01 AM
763,662,2,11,11,11,11,0,AM,11:02,11:02 AM
764,663,3,11,11,11,11,0,AM,11:03,11:03 AM
765,664,4,11,11,11,11,0,AM,11:04,11:04 AM
766,665,5,11,11,11,11,0,AM,11:05,11:05 AM
767,666,6,11,11,11,11,0,AM,11:06,11:06 AM
768,667,7,11,11,11,11,0,AM,11:07,11:07 AM
769,668,8,11,11,11,11,0,AM,11:08,11:08 AM
770,669,9,11,11,11,11,0,AM,11:09,11:09 AM
771,670,10,11,11,11,11,0,AM,11:10,11:10 AM
772,671,11,11,11,11,11,0,AM,11:11,11:11 AM
773,672,12,11,11,11,11,0,AM,11:12,11:12 AM
774,673,13,11,11,11,11,0,AM,11:13,11:13 AM
775,674,14,11,11,11,11,0,AM,11:14,11:14 AM
776,675,15,11,11,11,11,0,AM,11:15,11:15 AM
777,676,16,11,11,11,11,0,AM,11:16,11:16 AM
778,677,17,11,11,11,11,0,AM,11:17,11:17 AM
779,678,18,11,11,11,11,0,AM,11:18,11:18 AM
780,679,19,11,11,11,11,0,AM,11:19,11:19 AM
781,680,20,11,11,11,11,0,AM,11:20,11:20 AM
782,681,21,11,11,11,11,0,AM,11:21,11:21 AM
783,682,22,11,11,11,11,0,AM,11:22,11:22 AM
784,683,23,11,11,11,11,0,AM,11:23,11:23 AM
785,684,24,11,11,11,11,0,AM,11:24,11:24 AM
786,685,25,11,11,11,11,0,AM,11:25,11:25 AM
787,686,26,11,11,11,11,0,AM,11:26,11:26 AM
788,687,27,11,11,11,11,0,AM,11:27,11:27 AM
789,688,28,11,11,11,11,0,AM,11:28,11:28 AM
790,689,29,11,11,11,11,0,AM,11:29,11:29 AM
791,690,30,11,11,11,11,0,AM,11:30,11:30 AM
792,691,31,11,11,11,11,0,AM,11:31,11:31 AM
793,692,32,11,11,11,11,0,AM,11:32,11:32 AM
794,693,33,11,11,11,11,0,AM,11:33,11:33 AM
795,694,34,11,11,11,11,0,AM,11:34,11:34 AM
796,695,35,11,11,11,11,0,AM,11:35,11:35 AM
797,696,36,11,11,11,11,0,AM,11:36,11:36 AM
798,697,37,11,11,11,11,0,AM,11:37,11:37 AM
799,698,38,11,11,11,11,0,AM,11:38,11:38 AM
800,699,39,11,11,11,11,0,AM,11:39,11:39 AM
801,700,40,11,11,11,11,0,AM,11:40,11:40 AM
802,701,41,11,11,11,11,0,AM,11:41,11:41 AM
803,702,42,11,11,11,11,0,AM,11:42,11:42 AM
804,703,43,11,11,11,11,0,AM,11:43,11:43 AM
805,704,44,11,11,11,11,0,AM,11:44,11:44 AM
806,705,45,11,11,11,11,0,AM,11:45,11:45 AM
807,706,46,11,11,11,11,0,AM,11:46,11:46 AM
808,707,47,11,11,11,11,0,AM,11:47,11:47 AM
809,708,48,11,11,11,11,0,AM,11:48,11:48 AM
810,709,49,11,11,11,11,0,AM,11:49,11:49 AM
811,710,50,11,11,11,11,0,AM,11:50,11:50 AM
812,711,51,11,11,11,11,0,AM,11:51,11:51 AM
813,712,52,11,11,11,11,0,AM,11:52,11:52 AM
814,713,53,11,11,11,11,0,AM,11:53,11:53 AM
815,714,54,11,11,11,11,0,AM,11:54,11:54 AM
816,715,55,11,11,11,11,0,AM,11:55,11:55 AM
817,716,56,11,11,11,11,0,AM,11:56,11:56 AM
818,717,57,11,11,11,11,0,AM,11:57,11:57 AM
819,718,58,11,11,11,11,0,AM,11:58,11:58 AM
820,719,59,11,11,11,11,0,AM,11:59,11:59 AM
821,720,0,12,0,12,12,1,PM,12:00,12:00 PM
822,721,1,12,0,12,12,1,PM,12:01,12:01 PM
823,722,2,12,0,12,12,1,PM,12:02,12:02 PM
824,723,3,12,0,12,12,1,PM,12:03,12:03 PM
825,724,4,12,0,12,12,1,PM,12:04,12:04 PM
826,725,5,12,0,12,12,1,PM,12:05,12:05 PM
827,726,6,12,0,12,12,1,PM,12:06,12:06 PM
828,727,7,12,0,12,12,1,PM,12:07,12:07 PM
829,728,8,12,0,12,12,1,PM,12:08,12:08 PM
830,729,9,12,0,12,12,1,PM,12:09,12:09 PM
831,730,10,12,0,12,12,1,PM,12:10,12:10 PM
832,731,11,12,0,12,12,1,PM,12:11,12:11 PM
833,732,12,12,0,12,12,1,PM,12:12,12:12 PM
834,733,13,12,0,12,12,1,PM,12:13,12:13 PM
835,734,14,12,0,12,12,1,PM,12:14,12:14 PM
836,735,15,12,0,12,12,1,PM,12:15,12:15 PM
837,736,16,12,0,12,12,1,PM,12:16,12:16 PM
838,737,17,12,0,12,12,1,PM,12:17,12:17 PM
839,738,18,12,0,12,12,1,PM,12:18,12:18 PM
840,739,19,12,0,12,12,1,PM,12:19,12:19 PM
841,740,20,12,0,12,12,1,PM,12:20,12:20 PM
842,741,21,12,0,12,12,1,PM,12:21,12:21 PM
843,742,22,12,0,12,12,1,PM,12:22,12:22 PM
844,743,23,12,0,12,12,1,PM,12:23,12:23 PM
845,744,24,12,0,12,12,1,PM,12:24,12:24 PM
846,745,25,12,0,12,12,1,PM,12:25,12:25 PM
847,746,26,12,0,12,12,1,PM,12:26,12:26 PM
848,747,27,12,0,12,12,1,PM,12:27,12:27 PM
849,748,28,12,0,12,12,1,PM,12:28,12:28 PM
850,749,29,12,0,12,12,1,PM,12:29,12:29 PM
851,750,30,12,0,12,12,1,PM,12:30,12:30 PM
852,751,31,12,0,12,12,1,PM,12:31,12:31 PM
853,752,32,12,0,12,12,1,PM,12:32,12:32 PM
854,753,33,12,0,12,12,1,PM,12:33,12:33 PM
855,754,34,12,0,12,12,1,PM,12:34,12:34 PM
856,755,35,12,0,12,12,1,PM,12:35,12:35 PM
857,756,36,12,0,12,12,1,PM,12:36,12:36 PM
858,757,37,12,0,12,12,1,PM,12:37,12:37 PM
859,758,38,12,0,12,12,1,PM,12:38,12:38 PM
860,759,39,12,0,12,12,1,PM,12:39,12:39 PM
861,760,40,12,0,12,12,1,PM,12:40,12:40 PM
862,761,41,12,0,12,12,1,PM,12:41,12:41 PM
863,762,42,12,0,12,12,1,PM,12:42,12:42 PM
864,763,43,12,0,12,12,1,PM,12:43,12:43 PM
865,764,44,12,0,12,12,1,PM,12:44,12:44 PM
866,765,45,12,0,12,12,1,PM,12:45,12:45 PM
867,766,46,12,0,12,12,1,PM,12:46,12:46 PM
868,767,47,12,0,12,12,1,PM,12:47,12:47 PM
869,768,48,12,0,12,12,1,PM,12:48,12:48 PM
870,769,49,12,0,12,12,1,PM,12:49,12:49 PM
871,770,50,12,0,12,12,1,PM,12:50,12:50 PM
872,771,51,12,0,12,12,1,PM,12:51,12:51 PM
873,772,52,12,0,12,12,1,PM,12:52,12:52 PM
874,773,53,12,0,12,12,1,PM,12:53,12:53 PM
875,774,54,12,0,12,12,1,PM,12:54,12:54 PM
876,775,55,12,0,12,12,1,PM,12:55,12:55 PM
877,776,56,12,0,12,12,1,PM,12:56,12:56 PM
878,777,57,12,0,12,12,1,PM,12:57,12:57 PM
879,778,58,12,0,12,12,1,PM,12:58,12:58 PM
880,779,59,12,0,12,12,1,PM,12:59,12:59 PM
881,780,0,13,1,13,1,1,PM,13:00,01:00 PM
882,781,1,13,1,13,1,1,PM,13:01,01:01 PM
883,782,2,13,1,13,1,1,PM,13:02,01:02 PM
884,783,3,13,1,13,1,1,PM,13:03,01:03 PM
885,784,4,13,1,13,1,1,PM,13:04,01:04 PM
886,785,5,13,1,13,1,1,PM,13:05,01:05 PM
887,786,6,13,1,13,1,1,PM,13:06,01:06 PM
888,787,7,13,1,13,1,1,PM,13:07,01:07 PM
889,788,8,13,1,13,1,1,PM,13:08,01:08 PM
890,789,9,13,1,13,1,1,PM,13:09,01:09 PM
891,790,10,13,1,13,1,1,PM,13:10,01:10 PM
892,791,11,13,1,13,1,1,PM,13:11,01:11 PM
893,792,12,13,1,13,1,1,PM,13:12,01:12 PM
894,793,13,13,1,13,1,1,PM,13:13,01:13 PM
895,794,14,13,1,13,1,1,PM,13:14,01:14 PM
896,795,15,13,1,13,1,1,PM,13:15,01:15 PM
897,796,16,13,1,13,1,1,PM,13:16,01:16 PM
898,797,17,13,1,13,1,1,PM,13:17,01:17 PM
899,798,18,13,1,13,1,1,PM,13:18,01:18 PM
900,799,19,13,1,13,1,1,PM,13:19,01:19 PM
901,800,20,13,1,13,1,1,PM,13:20,01:20 PM
902,801,21,13,1,13,1,1,PM,13:21,01:21 PM
903,802,22,13,1,13,1,1,PM,13:22,01:22 PM
904,803,23,13,1,13,1,1,PM,13:23,01:23 PM
905,804,24,13,1,13,1,1,PM,13:24,01:24 PM
906,805,25,13,1,13,1,1,PM,13:25,01:25 PM
907,806,26,13,1,13,1,1,PM,13:26,01:26 PM
908,807,27,13,1,13,1,1,PM,13:27,01:27 PM
909,808,28,13,1,13,1,1,PM,13:28,01:28 PM
910,809,29,13,1,13,1,1,PM,13:29,01:29 PM
911,810,30,13,1,13,1,1,PM,13:30,01:30 PM
912,811,31,13,1,13,1,1,PM,13:31,01:31 PM
913,812,32,13,1,13,1,1,PM,13:32,01:32 PM
914,813,33,13,1,13,1,1,PM,13:33,01:33 PM
915,814,34,13,1,13,1,1,PM,13:34,01:34 PM
916,815,35,13,1,13,1,1,PM,13:35,01:35 PM
917,816,36,13,1,13,1,1,PM,13:36,01:36 PM
918,817,37,13,1,13,1,1,PM,13:37,01:37 PM
919,818,38,13,1,13,1,1,PM,13:38,01:38 PM
920,819,39,13,1,13,1,1,PM,13:39,01:39 PM
921,820,40,13,1,13,1,1,PM,13:40,01:40 PM
922,821,41,13,1,13,1,1,PM,13:41,01:41 PM
923,822,42,13,1,13,1,1,PM,13:42,01:42 PM
924,823,43,13,1,13,1,1,PM,13:43,01:43 PM
925,824,44,13,1,13,1,1,PM,13:44,01:44 PM
926,825,45,13,1,13,1,1,PM,13:45,01:45 PM
927,826,46,13,1,13,1,1,PM,13:46,01:46 PM
928,827,47,13,1,13,1,1,PM,13:47,01:47 PM
929,828,48,13,1,13,1,1,PM,13:48,01:48 PM
930,829,49,13,1,13,1,1,PM,13:49,01:49 PM
931,830,50,13,1,13,1,1,PM,13:50,01:50 PM
932,831,51,13,1,13,1,1,PM,13:51,01:51 PM
933,832,52,13,1,13,1,1,PM,13:52,01:52 PM
934,833,53,13,1,13,1,1,PM,13:53,01:53 PM
935,834,54,13,1,13,1,1,PM,13:54,01:54 PM
936,835,55,13,1,13,1,1,PM,13:55,01:55 PM
937,836,56,13,1,13,1,1,PM,13:56,01:56 PM
938,837,57,13,1,13,1,1,PM,13:57,01:57 PM
939,838,58,13,1,13,1,1,PM,13:58,01:58 PM
940,839,59,13,1,13,1,1,PM,13:59,01:59 PM
941,840,0,14,2,14,2,1,PM,14:00,02:00 PM
942,841,1,14,2,14,2,1,PM,14:01,02:01 PM
943,842,2,14,2,14,2,1,PM,14:02,02:02 PM
944,843,3,14,2,14,2,1,PM,14:03,02:03 PM
945,844,4,14,2,14,2,1,PM,14:04,02:04 PM
946,845,5,14,2,14,2,1,PM,14:05,02:05 PM
947,846,6,14,2,14,2,1,PM,14:06,02:06 PM
948,847,7,14,2,14,2,1,PM,14:07,02:07 PM
949,848,8,14,2,14,2,1,PM,14:08,02:08 PM
950,849,9,14,2,14,2,1,PM,14:09,02:09 PM
951,850,10,14,2,14,2,1,PM,14:10,02:10 PM
952,851,11,14,2,14,2,1,PM,14:11,02:11 PM
953,852,12,14,2,14,2,1,PM,14:12,02:12 PM
954,853,13,14,2,14,2,1,PM,14:13,02:13 PM
955,854,14,14,2,14,2,1,PM,14:14,02:14 PM
956,855,15,14,2,14,2,1,PM,14:15,02:15 PM
957,856,16,14,2,14,2,1,PM,14:16,02:16 PM
958,857,17,14,2,14,2,1,PM,14:17,02:17 PM
959,858,18,14,2,14,2,1,PM,14:18,02:18 PM
960,859,19,14,2,14,2,1,PM,14:19,02:19 PM
961,860,20,14,2,14,2,1,PM,14:20,02:20 PM
962,861,21,14,2,14,2,1,PM,14:21,02:21 PM
963,862,22,14,2,14,2,1,PM,14:22,02:22 PM
964,863,23,14,2,14,2,1,PM,14:23,02:23 PM
965,864,24,14,2,14,2,1,PM,14:24,02:24 PM
966,865,25,14,2,14,2,1,PM,14:25,02:25 PM
967,866,26,14,2,14,2,1,PM,14:26,02:26 PM
968,867,27,14,2,14,2,1,PM,14:27,02:27 PM
969,868,28,14,2,14,2,1,PM,14:28,02:28 PM
970,869,29,14,2,14,2,1,PM,14:29,02:29 PM
971,870,30,14,2,14,2,1,PM,14:30,02:30 PM
972,871,31,14,2,14,2,1,PM,14:31,02:31 PM
973,872,32,14,2,14,2,1,PM,14:32,02:32 PM
974,873,33,14,2,14,2,1,PM,14:33,02:33 PM
975,874,34,14,2,14,2,1,PM,14:34,02:34 PM
976,875,35,14,2,14,2,1,PM,14:35,02:35 PM
977,876,36,14,2,14,2,1,PM,14:36,02:36 PM
978,877,37,14,2,14,2,1,PM,14:37,02:37 PM
979,878,38,14,2,14,2,1,PM,14:38,02:38 PM
980,879,39,14,2,14,2,1,PM,14:39,02:39 PM
981,880,40,14,2,14,2,1,PM,14:40,02:40 PM
982,881,41,14,2,14,2,1,PM,14:41,02:41 PM
983,882,42,14,2,14,2,1,PM,14:42,02:42 PM
984,883,43,14,2,14,2,1,PM,14:43,02:43 PM
985,884,44,14,2,14,2,1,PM,14:44,02:44 PM
986,885,45,14,2,14,2,1,PM,14:45,02:45 PM
987,886,46,14,2,14,2,1,PM,14:46,02:46 PM
988,887,47,14,2,14,2,1,PM,14:47,02:47 PM
989,888,48,14,2,14,2,1,PM,14:48,02:48 PM
990,889,49,14,2,14,2,1,PM,14:49,02:49 PM
991,890,50,14,2,14,2,1,PM,14:50,02:50 PM
992,891,51,14,2,14,2,1,PM,14:51,02:51 PM
993,892,52,14,2,14,2,1,PM,14:52,02:52 PM
994,893,53,14,2,14,2,1,PM,14:53,02:53 PM
995,894,54,14,2,14,2,1,PM,14:54,02:54 PM
996,895,55,14,2,14,2,1,PM,14:55,02:55 PM
997,896,56,14,2,14,2,1,PM,14:56,02:56 PM
998,897,57,14,2,14,2,1,PM,14:57,02:57 PM
999,898,58,14,2,14,2,1,PM,14:58,02:58 PM
1000,899,59,14,2,14,2,1,PM,14:59,02:59 PM
1001,900,0,15,3,15,3,1,PM,15:00,03:00 PM
1002,901,1,15,3,15,3,1,PM,15:01,03:01 PM
1003,902,2,15,3,15,3,1,PM,15:02,03:02 PM
1004,903,3,15,3,15,3,1,PM,15:03,03:03 PM
1005,904,4,15,3,15,3,1,PM,15:04,03:04 PM
1006,905,5,15,3,15,3,1,PM,15:05,03:05 PM
1007,906,6,15,3,15,3,1,PM,15:06,03:06 PM
1008,907,7,15,3,15,3,1,PM,15:07,03:07 PM
1009,908,8,15,3,15,3,1,PM,15:08,03:08 PM
1010,909,9,15,3,15,3,1,PM,15:09,03:09 PM
1011,910,10,15,3,15,3,1,PM,15:10,03:10 PM
1012,911,11,15,3,15,3,1,PM,15:11,03:11 PM
1013,912,12,15,3,15,3,1,PM,15:12,03:12 PM
1014,913,13,15,3,15,3,1,PM,15:13,03:13 PM
1015,914,14,15,3,15,3,1,PM,15:14,03:14 PM
1016,915,15,15,3,15,3,1,PM,15:15,03:15 PM
1017,916,16,15,3,15,3,1,PM,15:16,03:16 PM
1018,917,17,15,3,15,3,1,PM,15:17,03:17 PM
1019,918,18,15,3,15,3,1,PM,15:18,03:18 PM
1020,919,19,15,3,15,3,1,PM,15:19,03:19 PM
1021,920,20,15,3,15,3,1,PM,15:20,03:20 PM
1022,921,21,15,3,15,3,1,PM,15:21,03:21 PM
1023,922,22,15,3,15,3,1,PM,15:22,03:22 PM
1024,923,23,15,3,15,3,1,PM,15:23,03:23 PM
1025,924,24,15,3,15,3,1,PM,15:24,03:24 PM
1026,925,25,15,3,15,3,1,PM,15:25,03:25 PM
1027,926,26,15,3,15,3,1,PM,15:26,03:26 PM
1028,927,27,15,3,15,3,1,PM,15:27,03:27 PM
1029,928,28,15,3,15,3,1,PM,15:28,03:28 PM
1030,929,29,15,3,15,3,1,PM,15:29,03:29 PM
1031,930,30,15,3,15,3,1,PM,15:30,03:30 PM
1032,931,31,15,3,15,3,1,PM,15:31,03:31 PM
1033,932,32,15,3,15,3,1,PM,15:32,03:32 PM
1034,933,33,15,3,15,3,1,PM,15:33,03:33 PM
1035,934,34,15,3,15,3,1,PM,15:34,03:34 PM
1036,935,35,15,3,15,3,1,PM,15:35,03:35 PM
1037,936,36,15,3,15,3,1,PM,15:36,03:36 PM
1038,937,37,15,3,15,3,1,PM,15:37,03:37 PM
1039,938,38,15,3,15,3,1,PM,15:38,03:38 PM
1040,939,39,15,3,15,3,1,PM,15:39,03:39 PM
1041,940,40,15,3,15,3,1,PM,15:40,03:40 PM
1042,941,41,15,3,15,3,1,PM,15:41,03:41 PM
1043,942,42,15,3,15,3,1,PM,15:42,03:42 PM
1044,943,43,15,3,15,3,1,PM,15:43,03:43 PM
1045,944,44,15,3,15,3,1,PM,15:44,03:44 PM
1046,945,45,15,3,15,3,1,PM,15:45,03:45 PM
1047,946,46,15,3,15,3,1,PM,15:46,03:46 PM
1048,947,47,15,3,15,3,1,PM,15:47,03:47 PM
1049,948,48,15,3,15,3,1,PM,15:48,03:48 PM
1050,949,49,15,3,15,3,1,PM,15:49,03:49 PM
1051,950,50,15,3,15,3,1,PM,15:50,03:50 PM
1052,951,51,15,3,15,3,1,PM,15:51,03:51 PM
1053,952,52,15,3,15,3,1,PM,15:52,03:52 PM
1054,953,53,15,3,15,3,1,PM,15:53,03:53 PM
1055,954,54,15,3,15,3,1,PM,15:54,03:54 PM
1056,955,55,15,3,15,3,1,PM,15:55,03:55 PM
1057,956,56,15,3,15,3,1,PM,15:56,03:56 PM
1058,957,57,15,3,15,3,1,PM,15:57,03:57 PM
1059,958,58,15,3,15,3,1,PM,15:58,03:58 PM
1060,959,59,15,3,15,3,1,PM,15:59,03:59 PM
1061,960,0,16,4,16,4,1,PM,16:00,04:00 PM
1062,961,1,16,4,16,4,1,PM,16:01,04:01 PM
1063,962,2,16,4,16,4,1,PM,16:02,04:02 PM
1064,963,3,16,4,16,4,1,PM,16:03,04:03 PM
1065,964,4,16,4,16,4,1,PM,16:04,04:04 PM
1066,965,5,16,4,16,4,1,PM,16:05,04:05 PM
1067,966,6,16,4,16,4,1,PM,16:06,04:06 PM
1068,967,7,16,4,16,4,1,PM,16:07,04:07 PM
1069,968,8,16,4,16,4,1,PM,16:08,04:08 PM
1070,969,9,16,4,16,4,1,PM,16:09,04:09 PM
1071,970,10,16,4,16,4,1,PM,16:10,04:10 PM
1072,971,11,16,4,16,4,1,PM,16:11,04:11 PM
1073,972,12,16,4,16,4,1,PM,16:12,04:12 PM
1074,973,13,16,4,16,4,1,PM,16:13,04:13 PM
1075,974,14,16,4,16,4,1,PM,16:14,04:14 PM
1076,975,15,16,4,16,4,1,PM,16:15,04:15 PM
1077,976,16,16,4,16,4,1,PM,16:16,04:16 PM
1078,977,17,16,4,16,4,1,PM,16:17,04:17 PM
1079,978,18,16,4,16,4,1,PM,16:18,04:18 PM
1080,979,19,16,4,16,4,1,PM,16:19,04:19 PM
1081,980,20,16,4,16,4,1,PM,16:20,04:20 PM
1082,981,21,16,4,16,4,1,PM,16:21,04:21 PM
1083,982,22,16,4,16,4,1,PM,16:22,04:22 PM
1084,983,23,16,4,16,4,1,PM,16:23,04:23 PM
1085,984,24,16,4,16,4,1,PM,16:24,04:24 PM
1086,985,25,16,4,16,4,1,PM,16:25,04:25 PM
1087,986,26,16,4,16,4,1,PM,16:26,04:26 PM
1088,987,27,16,4,16,4,1,PM,16:27,04:27 PM
1089,988,28,16,4,16,4,1,PM,16:28,04:28 PM
1090,989,29,16,4,16,4,1,PM,16:29,04:29 PM
1091,990,30,16,4,16,4,1,PM,16:30,04:30 PM
1092,991,31,16,4,16,4,1,PM,16:31,04:31 PM
1093,992,32,16,4,16,4,1,PM,16:32,04:32 PM
1094,993,33,16,4,16,4,1,PM,16:33,04:33 PM
1095,994,34,16,4,16,4,1,PM,16:34,04:34 PM
1096,995,35,16,4,16,4,1,PM,16:35,04:35 PM
1097,996,36,16,4,16,4,1,PM,16:36,04:36 PM
1098,997,37,16,4,16,4,1,PM,16:37,04:37 PM
1099,998,38,16,4,16,4,1,PM,16:38,04:38 PM
1100,999,39,16,4,16,4,1,PM,16:39,04:39 PM
1101,1000,40,16,4,16,4,1,PM,16:40,04:40 PM
1102,1001,41,16,4,16,4,1,PM,16:41,04:41 PM
1103,1002,42,16,4,16,4,1,PM,16:42,04:42 PM
1104,1003,43,16,4,16,4,1,PM,16:43,04:43 PM
1105,1004,44,16,4,16,4,1,PM,16:44,04:44 PM
1106,1005,45,16,4,16,4,1,PM,16:45,04:45 PM
1107,1006,46,16,4,16,4,1,PM,16:46,04:46 PM
1108,1007,47,16,4,16,4,1,PM,16:47,04:47 PM
1109,1008,48,16,4,16,4,1,PM,16:48,04:48 PM
1110,1009,49,16,4,16,4,1,PM,16:49,04:49 PM
1111,1010,50,16,4,16,4,1,PM,16:50,04:50 PM
1112,1011,51,16,4,16,4,1,PM,16:51,04:51 PM
1113,1012,52,16,4,16,4,1,PM,16:52,04:52 PM
1114,1013,53,16,4,16,4,1,PM,16:53,04:53 PM
1115,1014,54,16,4,16,4,1,PM,16:54,04:54 PM
1116,1015,55,16,4,16,4,1,PM,16:55,04:55 PM
1117,1016,56,16,4,16,4,1,PM,16:56,04:56 PM
1118,1017,57,16,4,16,4,1,PM,16:57,04:57 PM
1119,1018,58,16,4,16,4,1,PM,16:58,04:58 PM
1120,1019,59,16,4,16,4,1,PM,16:59,04:59 PM
1121,1020,0,17,5,17,5,1,PM,17:00,05:00 PM
1122,1021,1,17,5,17,5,1,PM,17:01,05:01 PM
1123,1022,2,17,5,17,5,1,PM,17:02,05:02 PM
1124,1023,3,17,5,17,5,1,PM,17:03,05:03 PM
1125,1024,4,17,5,17,5,1,PM,17:04,05:04 PM
1126,1025,5,17,5,17,5,1,PM,17:05,05:05 PM
1127,1026,6,17,5,17,5,1,PM,17:06,05:06 PM
1128,1027,7,17,5,17,5,1,PM,17:07,05:07 PM
1129,1028,8,17,5,17,5,1,PM,17:08,05:08 PM
1130,1029,9,17,5,17,5,1,PM,17:09,05:09 PM
1131,1030,10,17,5,17,5,1,PM,17:10,05:10 PM
1132,1031,11,17,5,17,5,1,PM,17:11,05:11 PM
1133,1032,12,17,5,17,5,1,PM,17:12,05:12 PM
1134,1033,13,17,5,17,5,1,PM,17:13,05:13 PM
1135,1034,14,17,5,17,5,1,PM,17:14,05:14 PM
1136,1035,15,17,5,17,5,1,PM,17:15,05:15 PM
1137,1036,16,17,5,17,5,1,PM,17:16,05:16 PM
1138,1037,17,17,5,17,5,1,PM,17:17,05:17 PM
1139,1038,18,17,5,17,5,1,PM,17:18,05:18 PM
1140,1039,19,17,5,17,5,1,PM,17:19,05:19 PM
1141,1040,20,17,5,17,5,1,PM,17:20,05:20 PM
1142,1041,21,17,5,17,5,1,PM,17:21,05:21 PM
1143,1042,22,17,5,17,5,1,PM,17:22,05:22 PM
1144,1043,23,17,5,17,5,1,PM,17:23,05:23 PM
1145,1044,24,17,5,17,5,1,PM,17:24,05:24 PM
1146,1045,25,17,5,17,5,1,PM,17:25,05:25 PM
1147,1046,26,17,5,17,5,1,PM,17:26,05:26 PM
1148,1047,27,17,5,17,5,1,PM,17:27,05:27 PM
1149,1048,28,17,5,17,5,1,PM,17:28,05:28 PM
1150,1049,29,17,5,17,5,1,PM,17:29,05:29 PM
1151,1050,30,17,5,17,5,1,PM,17:30,05:30 PM
1152,1051,31,17,5,17,5,1,PM,17:31,05:31 PM
1153,1052,32,17,5,17,5,1,PM,17:32,05:32 PM
1154,1053,33,17,5,17,5,1,PM,17:33,05:33 PM
1155,1054,34,17,5,17,5,1,PM,17:34,05:34 PM
1156,1055,35,17,5,17,5,1,PM,17:35,05:35 PM
1157,1056,36,17,5,17,5,1,PM,17:36,05:36 PM
1158,1057,37,17,5,17,5,1,PM,17:37,05:37 PM
1159,1058,38,17,5,17,5,1,PM,17:38,05:38 PM
1160,1059,39,17,5,17,5,1,PM,17:39,05:39 PM
1161,1060,40,17,5,17,5,1,PM,17:40,05:40 PM
1162,1061,41,17,5,17,5,1,PM,17:41,05:41 PM
1163,1062,42,17,5,17,5,1,PM,17:42,05:42 PM
1164,1063,43,17,5,17,5,1,PM,17:43,05:43 PM
1165,1064,44,17,5,17,5,1,PM,17:44,05:44 PM
1166,1065,45,17,5,17,5,1,PM,17:45,05:45 PM
1167,1066,46,17,5,17,5,1,PM,17:46,05:46 PM
1168,1067,47,17,5,17,5,1,PM,17:47,05:47 PM
1169,1068,48,17,5,17,5,1,PM,17:48,05:48 PM
1170,1069,49,17,5,17,5,1,PM,17:49,05:49 PM
1171,1070,50,17,5,17,5,1,PM,17:50,05:50 PM
1172,1071,51,17,5,17,5,1,PM,17:51,05:51 PM
1173,1072,52,17,5,17,5,1,PM,17:52,05:52 PM
1174,1073,53,17,5,17,5,1,PM,17:53,05:53 PM
1175,1074,54,17,5,17,5,1,PM,17:54,05:54 PM
1176,1075,55,17,5,17,5,1,PM,17:55,05:55 PM
1177,1076,56,17,5,17,5,1,PM,17:56,05:56 PM
1178,1077,57,17,5,17,5,1,PM,17:57,05:57 PM
1179,1078,58,17,5,17,5,1,PM,17:58,05:58 PM
1180,1079,59,17,5,17,5,1,PM,17:59,05:59 PM
1181,1080,0,18,6,18,6,1,PM,18:00,06:00 PM
1182,1081,1,18,6,18,6,1,PM,18:01,06:01 PM
1183,1082,2,18,6,18,6,1,PM,18:02,06:02 PM
1184,1083,3,18,6,18,6,1,PM,18:03,06:03 PM
1185,1084,4,18,6,18,6,1,PM,18:04,06:04 PM
1186,1085,5,18,6,18,6,1,PM,18:05,06:05 PM
1187,1086,6,18,6,18,6,1,PM,18:06,06:06 PM
1188,1087,7,18,6,18,6,1,PM,18:07,06:07 PM
1189,1088,8,18,6,18,6,1,PM,18:08,06:08 PM
1190,1089,9,18,6,18,6,1,PM,18:09,06:09 PM
1191,1090,10,18,6,18,6,1,PM,18:10,06:10 PM
1192,1091,11,18,6,18,6,1,PM,18:11,06:11 PM
1193,1092,12,18,6,18,6,1,PM,18:12,06:12 PM
1194,1093,13,18,6,18,6,1,PM,18:13,06:13 PM
1195,1094,14,18,6,18,6,1,PM,18:14,06:14 PM
1196,1095,15,18,6,18,6,1,PM,18:15,06:15 PM
1197,1096,16,18,6,18,6,1,PM,18:16,06:16 PM
1198,1097,17,18,6,18,6,1,PM,18:17,06:17 PM
1199,1098,18,18,6,18,6,1,PM,18:18,06:18 PM
1200,1099,19,18,6,18,6,1,PM,18:19,06:19 PM
1201,1100,20,18,6,18,6,1,PM,18:20,06:20 PM
1202,1101,21,18,6,18,6,1,PM,18:21,06:21 PM
1203,1102,22,18,6,18,6,1,PM,18:22,06:22 PM
1204,1103,23,18,6,18,6,1,PM,18:23,06:23 PM
1205,1104,24,18,6,18,6,1,PM,18:24,06:24 PM
1206,1105,25,18,6,18,6,1,PM,18:25,06:25 PM
1207,1106,26,18,6,18,6,1,PM,18:26,06:26 PM
1208,1107,27,18,6,18,6,1,PM,18:27,06:27 PM
1209,1108,28,18,6,18,6,1,PM,18:28,06:28 PM
1210,1109,29,18,6,18,6,1,PM,18:29,06:29 PM
1211,1110,30,18,6,18,6,1,PM,18:30,06:30 PM
1212,1111,31,18,6,18,6,1,PM,18:31,06:31 PM
1213,1112,32,18,6,18,6,1,PM,18:32,06:32 PM
1214,1113,33,18,6,18,6,1,PM,18:33,06:33 PM
1215,1114,34,18,6,18,6,1,PM,18:34,06:34 PM
1216,1115,35,18,6,18,6,1,PM,18:35,06:35 PM
1217,1116,36,18,6,18,6,1,PM,18:36,06:36 PM
1218,1117,37,18,6,18,6,1,PM,18:37,06:37 PM
1219,1118,38,18,6,18,6,1,PM,18:38,06:38 PM
1220,1119,39,18,6,18,6,1,PM,18:39,06:39 PM
1221,1120,40,18,6,18,6,1,PM,18:40,06:40 PM
1222,1121,41,18,6,18,6,1,PM,18:41,06:41 PM
1223,1122,42,18,6,18,6,1,PM,18:42,06:42 PM
1224,1123,43,18,6,18,6,1,PM,18:43,06:43 PM
1225,1124,44,18,6,18,6,1,PM,18:44,06:44 PM
1226,1125,45,18,6,18,6,1,PM,18:45,06:45 PM
1227,1126,46,18,6,18,6,1,PM,18:46,06:46 PM
1228,1127,47,18,6,18,6,1,PM,18:47,06:47 PM
1229,1128,48,18,6,18,6,1,PM,18:48,06:48 PM
1230,1129,49,18,6,18,6,1,PM,18:49,06:49 PM
1231,1130,50,18,6,18,6,1,PM,18:50,06:50 PM
1232,1131,51,18,6,18,6,1,PM,18:51,06:51 PM
1233,1132,52,18,6,18,6,1,PM,18:52,06:52 PM
1234,1133,53,18,6,18,6,1,PM,18:53,06:53 PM
1235,1134,54,18,6,18,6,1,PM,18:54,06:54 PM
1236,1135,55,18,6,18,6,1,PM,18:55,06:55 PM
1237,1136,56,18,6,18,6,1,PM,18:56,06:56 PM
1238,1137,57,18,6,18,6,1,PM,18:57,06:57 PM
1239,1138,58,18,6,18,6,1,PM,18:58,06:58 PM
1240,1139,59,18,6,18,6,1,PM,18:59,06:59 PM
1241,1140,0,19,7,19,7,1,PM,19:00,07:00 PM
1242,1141,1,19,7,19,7,1,PM,19:01,07:01 PM
1243,1142,2,19,7,19,7,1,PM,19:02,07:02 PM
1244,1143,3,19,7,19,7,1,PM,19:03,07:03 PM
1245,1144,4,19,7,19,7,1,PM,19:04,07:04 PM
1246,1145,5,19,7,19,7,1,PM,19:05,07:05 PM
1247,1146,6,19,7,19,7,1,PM,19:06,07:06 PM
1248,1147,7,19,7,19,7,1,PM,19:07,07:07 PM
1249,1148,8,19,7,19,7,1,PM,19:08,07:08 PM
1250,1149,9,19,7,19,7,1,PM,19:09,07:09 PM
1251,1150,10,19,7,19,7,1,PM,19:10,07:10 PM
1252,1151,11,19,7,19,7,1,PM,19:11,07:11 PM
1253,1152,12,19,7,19,7,1,PM,19:12,07:12 PM
1254,1153,13,19,7,19,7,1,PM,19:13,07:13 PM
1255,1154,14,19,7,19,7,1,PM,19:14,07:14 PM
1256,1155,15,19,7,19,7,1,PM,19:15,07:15 PM
1257,1156,16,19,7,19,7,1,PM,19:16,07:16 PM
1258,1157,17,19,7,19,7,1,PM,19:17,07:17 PM
1259,1158,18,19,7,19,7,1,PM,19:18,07:18 PM
1260,1159,19,19,7,19,7,1,PM,19:19,07:19 PM
1261,1160,20,19,7,19,7,1,PM,19:20,07:20 PM
1262,1161,21,19,7,19,7,1,PM,19:21,07:21 PM
1263,1162,22,19,7,19,7,1,PM,19:22,07:22 PM
1264,1163,23,19,7,19,7,1,PM,19:23,07:23 PM
1265,1164,24,19,7,19,7,1,PM,19:24,07:24 PM
1266,1165,25,19,7,19,7,1,PM,19:25,07:25 PM
1267,1166,26,19,7,19,7,1,PM,19:26,07:26 PM
1268,1167,27,19,7,19,7,1,PM,19:27,07:27 PM
1269,1168,28,19,7,19,7,1,PM,19:28,07:28 PM
1270,1169,29,19,7,19,7,1,PM,19:29,07:29 PM
1271,1170,30,19,7,19,7,1,PM,19:30,07:30 PM
1272,1171,31,19,7,19,7,1,PM,19:31,07:31 PM
1273,1172,32,19,7,19,7,1,PM,19:32,07:32 PM
1274,1173,33,19,7,19,7,1,PM,19:33,07:33 PM
1275,1174,34,19,7,19,7,1,PM,19:34,07:34 PM
1276,1175,35,19,7,19,7,1,PM,19:35,07:35 PM
1277,1176,36,19,7,19,7,1,PM,19:36,07:36 PM
1278,1177,37,19,7,19,7,1,PM,19:37,07:37 PM
1279,1178,38,19,7,19,7,1,PM,19:38,07:38 PM
1280,1179,39,19,7,19,7,1,PM,19:39,07:39 PM
1281,1180,40,19,7,19,7,1,PM,19:40,07:40 PM
1282,1181,41,19,7,19,7,1,PM,19:41,07:41 PM
1283,1182,42,19,7,19,7,1,PM,19:42,07:42 PM
1284,1183,43,19,7,19,7,1,PM,19:43,07:43 PM
1285,1184,44,19,7,19,7,1,PM,19:44,07:44 PM
1286,1185,45,19,7,19,7,1,PM,19:45,07:45 PM
1287,1186,46,19,7,19,7,1,PM,19:46,07:46 PM
1288,1187,47,19,7,19,7,1,PM,19:47,07:47 PM
1289,1188,48,19,7,19,7,1,PM,19:48,07:48 PM
1290,1189,49,19,7,19,7,1,PM,19:49,07:49 PM
1291,1190,50,19,7,19,7,1,PM,19:50,07:50 PM
1292,1191,51,19,7,19,7,1,PM,19:51,07:51 PM
1293,1192,52,19,7,19,7,1,PM,19:52,07:52 PM
1294,1193,53,19,7,19,7,1,PM,19:53,07:53 PM
1295,1194,54,19,7,19,7,1,PM,19:54,07:54 PM
1296,1195,55,19,7,19,7,1,PM,19:55,07:55 PM
1297,1196,56,19,7,19,7,1,PM,19:56,07:56 PM
1298,1197,57,19,7,19,7,1,PM,19:57,07:57 PM
1299,1198,58,19,7,19,7,1,PM,19:58,07:58 PM
1300,1199,59,19,7,19,7,1,PM,19:59,07:59 PM
1301,1200,0,20,8,20,8,1,PM,20:00,08:00 PM
1302,1201,1,20,8,20,8,1,PM,20:01,08:01 PM
1303,1202,2,20,8,20,8,1,PM,20:02,08:02 PM
1304,1203,3,20,8,20,8,1,PM,20:03,08:03 PM
1305,1204,4,20,8,20,8,1,PM,20:04,08:04 PM
1306,1205,5,20,8,20,8,1,PM,20:05,08:05 PM
1307,1206,6,20,8,20,8,1,PM,20:06,08:06 PM
1308,1207,7,20,8,20,8,1,PM,20:07,08:07 PM
1309,1208,8,20,8,20,8,1,PM,20:08,08:08 PM
1310,1209,9,20,8,20,8,1,PM,20:09,08:09 PM
1311,1210,10,20,8,20,8,1,PM,20:10,08:10 PM
1312,1211,11,20,8,20,8,1,PM,20:11,08:11 PM
1313,1212,12,20,8,20,8,1,PM,20:12,08:12 PM
1314,1213,13,20,8,20,8,1,PM,20:13,08:13 PM
1315,1214,14,20,8,20,8,1,PM,20:14,08:14 PM
1316,1215,15,20,8,20,8,1,PM,20:15,08:15 PM
1317,1216,16,20,8,20,8,1,PM,20:16,08:16 PM
1318,1217,17,20,8,20,8,1,PM,20:17,08:17 PM
1319,1218,18,20,8,20,8,1,PM,20:18,08:18 PM
1320,1219,19,20,8,20,8,1,PM,20:19,08:19 PM
1321,1220,20,20,8,20,8,1,PM,20:20,08:20 PM
1322,1221,21,20,8,20,8,1,PM,20:21,08:21 PM
1323,1222,22,20,8,20,8,1,PM,20:22,08:22 PM
1324,1223,23,20,8,20,8,1,PM,20:23,08:23 PM
1325,1224,24,20,8,20,8,1,PM,20:24,08:24 PM
1326,1225,25,20,8,20,8,1,PM,20:25,08:25 PM
1327,1226,26,20,8,20,8,1,PM,20:26,08:26 PM
1328,1227,27,20,8,20,8,1,PM,20:27,08:27 PM
1329,1228,28,20,8,20,8,1,PM,20:28,08:28 PM
1330,1229,29,20,8,20,8,1,PM,20:29,08:29 PM
1331,1230,30,20,8,20,8,1,PM,20:30,08:30 PM
1332,1231,31,20,8,20,8,1,PM,20:31,08:31 PM
1333,1232,32,20,8,20,8,1,PM,20:32,08:32 PM
1334,1233,33,20,8,20,8,1,PM,20:33,08:33 PM
1335,1234,34,20,8,20,8,1,PM,20:34,08:34 PM
1336,1235,35,20,8,20,8,1,PM,20:35,08:35 PM
1337,1236,36,20,8,20,8,1,PM,20:36,08:36 PM
1338,1237,37,20,8,20,8,1,PM,20:37,08:37 PM
1339,1238,38,20,8,20,8,1,PM,20:38,08:38 PM
1340,1239,39,20,8,20,8,1,PM,20:39,08:39 PM
1341,1240,40,20,8,20,8,1,PM,20:40,08:40 PM
1342,1241,41,20,8,20,8,1,PM,20:41,08:41 PM
1343,1242,42,20,8,20,8,1,PM,20:42,08:42 PM
1344,1243,43,20,8,20,8,1,PM,20:43,08:43 PM
1345,1244,44,20,8,20,8,1,PM,20:44,08:44 PM
1346,1245,45,20,8,20,8,1,PM,20:45,08:45 PM
1347,1246,46,20,8,20,8,1,PM,20:46,08:46 PM
1348,1247,47,20,8,20,8,1,PM,20:47,08:47 PM
1349,1248,48,20,8,20,8,1,PM,20:48,08:48 PM
1350,1249,49,20,8,20,8,1,PM,20:49,08:49 PM
1351,1250,50,20,8,20,8,1,PM,20:50,08:50 PM
1352,1251,51,20,8,20,8,1,PM,20:51,08:51 PM
1353,1252,52,20,8,20,8,1,PM,20:52,08:52 PM
1354,1253,53,20,8,20,8,1,PM,20:53,08:53 PM
1355,1254,54,20,8,20,8,1,PM,20:54,08:54 PM
1356,1255,55,20,8,20,8,1,PM,20:55,08:55 PM
1357,1256,56,20,8,20,8,1,PM,20:56,08:56 PM
1358,1257,57,20,8,20,8,1,PM,20:57,08:57 PM
1359,1258,58,20,8,20,8,1,PM,20:58,08:58 PM
1360,1259,59,20,8,20,8,1,PM,20:59,08:59 PM
1361,1260,0,21,9,21,9,1,PM,21:00,09:00 PM
1362,1261,1,21,9,21,9,1,PM,21:01,09:01 PM
1363,1262,2,21,9,21,9,1,PM,21:02,09:02 PM
1364,1263,3,21,9,21,9,1,PM,21:03,09:03 PM
1365,1264,4,21,9,21,9,1,PM,21:04,09:04 PM
1366,1265,5,21,9,21,9,1,PM,21:05,09:05 PM
1367,1266,6,21,9,21,9,1,PM,21:06,09:06 PM
1368,1267,7,21,9,21,9,1,PM,21:07,09:07 PM
1369,1268,8,21,9,21,9,1,PM,21:08,09:08 PM
1370,1269,9,21,9,21,9,1,PM,21:09,09:09 PM
1371,1270,10,21,9,21,9,1,PM,21:10,09:10 PM
1372,1271,11,21,9,21,9,1,PM,21:11,09:11 PM
1373,1272,12,21,9,21,9,1,PM,21:12,09:12 PM
1374,1273,13,21,9,21,9,1,PM,21:13,09:13 PM
1375,1274,14,21,9,21,9,1,PM,21:14,09:14 PM
1376,1275,15,21,9,21,9,1,PM,21:15,09:15 PM
1377,1276,16,21,9,21,9,1,PM,21:16,09:16 PM
1378,1277,17,21,9,21,9,1,PM,21:17,09:17 PM
1379,1278,18,21,9,21,9,1,PM,21:18,09:18 PM
1380,1279,19,21,9,21,9,1,PM,21:19,09:19 PM
1381,1280,20,21,9,21,9,1,PM,21:20,09:20 PM
1382,1281,21,21,9,21,9,1,PM,21:21,09:21 PM
1383,1282,22,21,9,21,9,1,PM,21:22,09:22 PM
1384,1283,23,21,9,21,9,1,PM,21:23,09:23 PM
1385,1284,24,21,9,21,9,1,PM,21:24,09:24 PM
1386,1285,25,21,9,21,9,1,PM,21:25,09:25 PM
1387,1286,26,21,9,21,9,1,PM,21:26,09:26 PM
1388,1287,27,21,9,21,9,1,PM,21:27,09:27 PM
1389,1288,28,21,9,21,9,1,PM,21:28,09:28 PM
1390,1289,29,21,9,21,9,1,PM,21:29,09:29 PM
1391,1290,30,21,9,21,9,1,PM,21:30,09:30 PM
1392,1291,31,21,9,21,9,1,PM,21:31,09:31 PM
1393,1292,32,21,9,21,9,1,PM,21:32,09:32 PM
1394,1293,33,21,9,21,9,1,PM,21:33,09:33 PM
1395,1294,34,21,9,21,9,1,PM,21:34,09:34 PM
1396,1295,35,21,9,21,9,1,PM,21:35,09:35 PM
1397,1296,36,21,9,21,9,1,PM,21:36,09:36 PM
1398,1297,37,21,9,21,9,1,PM,21:37,09:37 PM
1399,1298,38,21,9,21,9,1,PM,21:38,09:38 PM
1400,1299,39,21,9,21,9,1,PM,21:39,09:39 PM
1401,1300,40,21,9,21,9,1,PM,21:40,09:40 PM
1402,1301,41,21,9,21,9,1,PM,21:41,09:41 PM
1403,1302,42,21,9,21,9,1,PM,21:42,09:42 PM
1404,1303,43,21,9,21,9,1,PM,21:43,09:43 PM
1405,1304,44,21,9,21,9,1,PM,21:44,09:44 PM
1406,1305,45,21,9,21,9,1,PM,21:45,09:45 PM
1407,1306,46,21,9,21,9,1,PM,21:46,09:46 PM
1408,1307,47,21,9,21,9,1,PM,21:47,09:47 PM
1409,1308,48,21,9,21,9,1,PM,21:48,09:48 PM
1410,1309,49,21,9,21,9,1,PM,21:49,09:49 PM
1411,1310,50,21,9,21,9,1,PM,21:50,09:50 PM
1412,1311,51,21,9,21,9,1,PM,21:51,09:51 PM
1413,1312,52,21,9,21,9,1,PM,21:52,09:52 PM
1414,1313,53,21,9,21,9,1,PM,21:53,09:53 PM
1415,1314,54,21,9,21,9,1,PM,21:54,09:54 PM
1416,1315,55,21,9,21,9,1,PM,21:55,09:55 PM
1417,1316,56,21,9,21,9,1,PM,21:56,09:56 PM
1418,1317,57,21,9,21,9,1,PM,21:57,09:57 PM
1419,1318,58,21,9,21,9,1,PM,21:58,09:58 PM
1420,1319,59,21,9,21,9,1,PM,21:59,09:59 PM
1421,1320,0,22,10,22,10,1,PM,22:00,10:00 PM
1422,1321,1,22,10,22,10,1,PM,22:01,10:01 PM
1423,1322,2,22,10,22,10,1,PM,22:02,10:02 PM
1424,1323,3,22,10,22,10,1,PM,22:03,10:03 PM
1425,1324,4,22,10,22,10,1,PM,22:04,10:04 PM
1426,1325,5,22,10,22,10,1,PM,22:05,10:05 PM
1427,1326,6,22,10,22,10,1,PM,22:06,10:06 PM
1428,1327,7,22,10,22,10,1,PM,22:07,10:07 PM
1429,1328,8,22,10,22,10,1,PM,22:08,10:08 PM
1430,1329,9,22,10,22,10,1,PM,22:09,10:09 PM
1431,1330,10,22,10,22,10,1,PM,22:10,10:10 PM
1432,1331,11,22,10,22,10,1,PM,22:11,10:11 PM
1433,1332,12,22,10,22,10,1,PM,22:12,10:12 PM
1434,1333,13,22,10,22,10,1,PM,22:13,10:13 PM
1435,1334,14,22,10,22,10,1,PM,22:14,10:14 PM
1436,1335,15,22,10,22,10,1,PM,22:15,10:15 PM
1437,1336,16,22,10,22,10,1,PM,22:16,10:16 PM
1438,1337,17,22,10,22,10,1,PM,22:17,10:17 PM
1439,1338,18,22,10,22,10,1,PM,22:18,10:18 PM
1440,1339,19,22,10,22,10,1,PM,22:19,10:19 PM
1441,1340,20,22,10,22,10,1,PM,22:20,10:20 PM
1442,1341,21,22,10,22,10,1,PM,22:21,10:21 PM
1443,1342,22,22,10,22,10,1,PM,22:22,10:22 PM
1444,1343,23,22,10,22,10,1,PM,22:23,10:23 PM
1445,1344,24,22,10,22,10,1,PM,22:24,10:24 PM
1446,1345,25,22,10,22,10,1,PM,22:25,10:25 PM
1447,1346,26,22,10,22,10,1,PM,22:26,10:26 PM
1448,1347,27,22,10,22,10,1,PM,22:27,10:27 PM
1449,1348,28,22,10,22,10,1,PM,22:28,10:28 PM
1450,1349,29,22,10,22,10,1,PM,22:29,10:29 PM
1451,1350,30,22,10,22,10,1,PM,22:30,10:30 PM
1452,1351,31,22,10,22,10,1,PM,22:31,10:31 PM
1453,1352,32,22,10,22,10,1,PM,22:32,10:32 PM
1454,1353,33,22,10,22,10,1,PM,22:33,10:33 PM
1455,1354,34,22,10,22,10,1,PM,22:34,10:34 PM
1456,1355,35,22,10,22,10,1,PM,22:35,10:35 PM
1457,1356,36,22,10,22,10,1,PM,22:36,10:36 PM
1458,1357,37,22,10,22,10,1,PM,22:37,10:37 PM
1459,1358,38,22,10,22,10,1,PM,22:38,10:38 PM
1460,1359,39,22,10,22,10,1,PM,22:39,10:39 PM
1461,1360,40,22,10,22,10,1,PM,22:40,10:40 PM
1462,1361,41,22,10,22,10,1,PM,22:41,10:41 PM
1463,1362,42,22,10,22,10,1,PM,22:42,10:42 PM
1464,1363,43,22,10,22,10,1,PM,22:43,10:43 PM
1465,1364,44,22,10,22,10,1,PM,22:44,10:44 PM
1466,1365,45,22,10,22,10,1,PM,22:45,10:45 PM
1467,1366,46,22,10,22,10,1,PM,22:46,10:46 PM
1468,1367,47,22,10,22,10,1,PM,22:47,10:47 PM
1469,1368,48,22,10,22,10,1,PM,22:48,10:48 PM
1470,1369,49,22,10,22,10,1,PM,22:49,10:49 PM
1471,1370,50,22,10,22,10,1,PM,22:50,10:50 PM
1472,1371,51,22,10,22,10,1,PM,22:51,10:51 PM
1473,1372,52,22,10,22,10,1,PM,22:52,10:52 PM
1474,1373,53,22,10,22,10,1,PM,22:53,10:53 PM
1475,1374,54,22,10,22,10,1,PM,22:54,10:54 PM
1476,1375,55,22,10,22,10,1,PM,22:55,10:55 PM
1477,1376,56,22,10,22,10,1,PM,22:56,10:56 PM
1478,1377,57,22,10,22,10,1,PM,22:57,10:57 PM
1479,1378,58,22,10,22,10,1,PM,22:58,10:58 PM
1480,1379,59,22,10,22,10,1,PM,22:59,10:59 PM
1481,1380,0,23,11,23,11,1,PM,23:00,11:00 PM
1482,1381,1,23,11,23,11,1,PM,23:01,11:01 PM
1483,1382,2,23,11,23,11,1,PM,23:02,11:02 PM
1484,1383,3,23,11,23,11,1,PM,23:03,11:03 PM
1485,1384,4,23,11,23,11,1,PM,23:04,11:04 PM
1486,1385,5,23,11,23,11,1,PM,23:05,11:05 PM
1487,1386,6,23,11,23,11,1,PM,23:06,11:06 PM
1488,1387,7,23,11,23,11,1,PM,23:07,11:07 PM
1489,1388,8,23,11,23,11,1,PM,23:08,11:08 PM
1490,1389,9,23,11,23,11,1,PM,23:09,11:09 PM
1491,1390,10,23,11,23,11,1,PM,23:10,11:10 PM
1492,1391,11,23,11,23,11,1,PM,23:11,11:11 PM
1493,1392,12,23,11,23,11,1,PM,23:12,11:12 PM
1494,1393,13,23,11,23,11,1,PM,23:13,11:13 PM
1495,1394,14,23,11,23,11,1,PM,23:14,11:14 PM
1496,1395,15,23,11,23,11,1,PM,23:15,11:15 PM
1497,1396,16,23,11,23,11,1,PM,23:16,11:16 PM
1498,1397,17,23,11,23,11,1,PM,23:17,11:17 PM
1499,1398,18,23,11,23,11,1,PM,23:18,11:18 PM
1500,1399,19,23,11,23,11,1,PM,23:19,11:19 PM
1501,1400,20,23,11,23,11,1,PM,23:20,11:20 PM
1502,1401,21,23,11,23,11,1,PM,23:21,11:21 PM
1503,1402,22,23,11,23,11,1,PM,23:22,11:22 PM
1504,1403,23,23,11,23,11,1,PM,23:23,11:23 PM
1505,1404,24,23,11,23,11,1,PM,23:24,11:24 PM
1506,1405,25,23,11,23,11,1,PM,23:25,11:25 PM
1507,1406,26,23,11,23,11,1,PM,23:26,11:26 PM
1508,1407,27,23,11,23,11,1,PM,23:27,11:27 PM
1509,1408,28,23,11,23,11,1,PM,23:28,11:28 PM
1510,1409,29,23,11,23,11,1,PM,23:29,11:29 PM
1511,1410,30,23,11,23,11,1,PM,23:30,11:30 PM
1512,1411,31,23,11,23,11,1,PM,23:31,11:31 PM
1513,1412,32,23,11,23,11,1,PM,23:32,11:32 PM
1514,1413,33,23,11,23,11,1,PM,23:33,11:33 PM
1515,1414,34,23,11,23,11,1,PM,23:34,11:34 PM
1516,1415,35,23,11,23,11,1,PM,23:35,11:35 PM
1517,1416,36,23,11,23,11,1,PM,23:36,11:36 PM
1518,1417,37,23,11,23,11,1,PM,23:37,11:37 PM
1519,1418,38,23,11,23,11,1,PM,23:38,11:38 PM
1520,1419,39,23,11,23,11,1,PM,23:39,11:39 PM
1521,1420,40,23,11,23,11,1,PM,23:40,11:40 PM
1522,1421,41,23,11,23,11,1,PM,23:41,11:41 PM
1523,1422,42,23,11,23,11,1,PM,23:42,11:42 PM
1524,1423,43,23,11,23,11,1,PM,23:43,11:43 PM
1525,1424,44,23,11,23,11,1,PM,23:44,11:44 PM
1526,1425,45,23,11,23,11,1,PM,23:45,11:45 PM
1527,1426,46,23,11,23,11,1,PM,23:46,11:46 PM
1528,1427,47,23,11,23,11,1,PM,23:47,11:47 PM
1529,1428,48,23,11,23,11,1,PM,23:48,11:48 PM
1530,1429,49,23,11,23,11,1,PM,23:49,11:49 PM
1531,1430,50,23,11,23,11,1,PM,23:50,11:50 PM
1532,1431,51,23,11,23,11,1,PM,23:51,11:51 PM
1533,1432,52,23,11,23,11,1,PM,23:52,11:52 PM
1534,1433,53,23,11,23,11,1,PM,23:53,11:53 PM
1535,1434,54,23,11,23,11,1,PM,23:54,11:54 PM
1536,1435,55,23,11,23,11,1,PM,23:55,11:55 PM
1537,1436,56,23,11,23,11,1,PM,23:56,11:56 PM
1538,1437,57,23,11,23,11,1,PM,23:57,11:57 PM
1539,1438,58,23,11,23,11,1,PM,23:58,11:58 PM
1540,1439,59,23,11,23,11,1,PM,23:59,11:59 PM
