site_id,request_date,family,total_requests,total_response_time_ms,error_requests,avg_response_time_ms
-1,2023-10-18,SCAPI,725,466327,0,643.2096551724138
-1,2023-10-19,SCAPI,4288,2609195,0,608.4876399253732
-1,2023-10-20,SCAPI,4302,2597880,0,603.8772663877266
-1,2023-10-21,SCAPI,4303,2483332,0,577.1164303973972
-1,2023-10-22,SCAPI,4322,2497869,0,577.9428505321611
-1,2023-10-23,SCAPI,4304,2644080,0,614.3308550185874
-1,2023-10-24,SCAPI,4319,2739156,0,634.2106969205835
-1,2023-10-25,SCAPI,4299,3001976,0,698.2963479879041
-1,2023-10-26,SCAPI,4322,3265812,0,755.6251735307728
-1,2023-10-27,SCAPI,4290,2701200,0,629.6503496503497
-1,2023-10-28,SCAPI,4324,2650345,0,612.9382516188714
-1,2023-10-29,SCAPI,4300,2631603,0,612.0006976744186
-1,2023-10-30,SCAPI,4317,2632635,0,609.8297428769979
-1,2023-10-31,SCAPI,4316,2718316,0,629.822984244671
-1,2023-11-01,SCAPI,4282,2678805,0,625.5966837926203
-1,2023-11-02,SCAPI,2103,1359607,0,646.508321445554
-1,2023-11-03,SCAPI,571,344595,0,603.4938704028021
-1,2023-11-04,SCAPI,4307,2671133,0,620.184118876248
-1,2023-11-05,SCAPI,4307,2588982,0,601.1102855816114
-1,2023-11-06,SCAPI,4288,2761433,0,643.9909048507462
-1,2023-11-07,SCAPI,4302,2514791,0,584.5632264063227
-1,2023-11-08,SCAPI,4310,2348626,0,544.9248259860789
-1,2023-11-09,SCAPI,4320,2391437,0,553.5733796296296
-1,2023-11-10,SCAPI,4311,2398764,0,556.428670842032
-1,2023-11-11,SCAPI,4316,2275249,0,527.1661260426321
-1,2023-11-12,SCAPI,4311,2280817,0,529.0691254929251
-1,2023-11-13,SCAPI,4304,2336100,0,542.7741635687732
-1,2023-11-14,SCAPI,4315,2337482,0,541.7107763615295
-1,2023-11-15,SCAPI,4317,2315533,0,536.3754922399814
-1,2023-11-16,SCAPI,4281,2270988,0,530.4807288016818
-1,2023-11-17,SCAPI,4297,2299870,0,535.2269024901094
-1,2023-11-18,SCAPI,4313,2252634,0,522.2893577556225
-1,2023-11-19,SCAPI,4290,2221263,0,517.776923076923
-1,2023-11-20,SCAPI,4323,2254662,0,521.5503122831367
-1,2023-11-21,SCAPI,4305,2279741,0,529.5565621370499
-1,2023-11-22,SCAPI,4313,2266747,0,525.5615580802225
-1,2023-11-23,SCAPI,4320,2230088,0,516.2240740740741
-1,2023-11-24,SCAPI,4308,2256647,0,523.8270659238626
-1,2023-11-25,SCAPI,4305,2224718,0,516.7753774680604
-1,2023-11-26,SCAPI,4319,2221700,0,514.4014818244964
-1,2023-11-27,SCAPI,4313,2338664,0,542.2360306051472
-1,2023-11-28,SCAPI,4322,2351732,0,544.1304951411383
-1,2023-11-29,SCAPI,4317,2330460,0,539.8332175121612
-1,2023-11-30,SCAPI,4302,2364095,0,549.5339377033938
-1,2023-12-01,SCAPI,4302,2300517,0,534.755230125523
-1,2023-12-02,SCAPI,4270,2222653,0,520.5276346604215
-1,2023-12-03,SCAPI,4261,2209839,0,518.6198075569115
-1,2023-12-04,SCAPI,4223,2254985,0,533.9770305470045
-1,2023-12-05,SCAPI,4273,2298435,0,537.8972618769014
-1,2023-12-06,SCAPI,4293,2321751,0,540.8225017470301
-1,2023-12-07,SCAPI,4088,2178439,0,532.8862524461839
-1,2023-12-08,SCAPI,4329,2337581,0,539.981750981751
-1,2023-12-09,SCAPI,4285,2229830,0,520.3803967327888
-1,2023-12-10,SCAPI,4309,2249257,0,521.9904850313297
-1,2023-12-11,SCAPI,4324,2284184,0,528.2571692876966
-1,2023-12-12,SCAPI,4303,3002542,0,697.7787590053451
-1,2023-12-13,SCAPI,4317,2362705,0,547.302524901552
-1,2023-12-14,SCAPI,4309,2292247,0,531.9672777906707
-1,2023-12-15,SCAPI,4283,2287315,0,534.0450618725192
-1,2023-12-16,SCAPI,4306,2235982,0,519.2712494194147
-1,2023-12-17,SCAPI,4322,2252932,0,521.2707080055529
-1,2023-12-18,SCAPI,4252,2264998,0,532.6900282220132
-1,2023-12-19,SCAPI,4295,2313999,0,538.7657741559954
-1,2023-12-20,SCAPI,4321,2312679,0,535.2184679472344
-1,2023-12-21,SCAPI,4295,2278988,0,530.6142025611176
-1,2023-12-22,SCAPI,4309,2289044,0,531.2239498723602
-1,2023-12-23,SCAPI,4307,2258377,0,524.3503598792663
-1,2023-12-24,SCAPI,4325,2277283,0,526.539421965318
-1,2023-12-25,SCAPI,4311,2264249,0,525.2259336580839
-1,2023-12-26,SCAPI,4313,2267704,0,525.7834453976351
-1,2023-12-27,SCAPI,4298,2317487,0,539.2012563983249
-1,2023-12-28,SCAPI,4318,2257602,0,522.8351088466883
-1,2023-12-29,SCAPI,4297,2220724,0,516.8080055852921
-1,2023-12-30,SCAPI,4328,2214275,0,511.6162199630314
-1,2023-12-31,SCAPI,4302,2196569,0,510.5925151092515
-1,2024-01-01,SCAPI,4317,2207719,0,511.40120454018995
-1,2024-01-02,SCAPI,4295,2255949,0,525.2500582072176
-1,2024-01-03,SCAPI,4301,2237327,0,520.1876307835387
-1,2024-01-04,SCAPI,3518,1801547,0,512.0940875497441
-1,2024-01-05,SCAPI,2946,1482553,0,503.2427019687712
-1,2024-01-06,SCAPI,4313,2202987,0,510.7783445397635
-1,2024-01-07,SCAPI,4292,2194877,0,511.38793103448273
-1,2024-01-08,SCAPI,4322,2259335,0,522.7521980564553
-1,2024-01-09,SCAPI,4296,2223285,0,517.5244413407821
-1,2024-01-10,SCAPI,4287,2296205,0,535.6204805225099
-1,2024-01-11,SCAPI,4267,2256138,0,528.7410358565737
-1,2024-01-12,SCAPI,4266,2222687,0,521.0236755743085
-1,2024-01-13,SCAPI,4314,2205561,0,511.2566063977747
-1,2024-01-14,SCAPI,4309,2259755,0,524.4267811557206
-1,2024-01-15,SCAPI,4310,2306357,0,535.1176334106729
-1,2024-01-16,SCAPI,4291,2298147,0,535.573759030529
-1,2024-01-17,SCAPI,4318,2252630,0,521.6836498378879
-1,2024-01-18,SCAPI,4281,2247711,0,525.0434477925718
-1,2024-01-19,SCAPI,4317,2252258,0,521.7183229094278
-1,2024-01-20,SCAPI,4285,2194118,0,512.0462077012835
-1,2024-01-21,SCAPI,4287,2180251,0,508.57266153487285
-1,2024-01-22,SCAPI,4288,2250122,0,524.7486007462686
-1,2024-01-23,SCAPI,4309,2296706,0,533.0020886516593
-1,2024-01-24,SCAPI,4251,2223874,0,523.1413784991767
-1,2024-01-25,SCAPI,4311,2234084,0,518.2287172349803
-1,2024-01-26,SCAPI,4282,2222972,0,519.1433909388136
-1,2024-01-27,SCAPI,4316,2176663,0,504.3241427247451
-1,2024-01-28,SCAPI,4311,2188058,0,507.55230804917653
-1,2024-01-29,SCAPI,4320,2255001,0,521.9909722222222
-1,2024-01-30,SCAPI,4305,2237479,0,519.7396051103368
-1,2024-01-31,SCAPI,4313,2322936,0,538.5893809413401
-1,2024-02-01,SCAPI,4300,2339647,0,544.1039534883721
-1,2024-02-02,SCAPI,4298,2325621,0,541.0937645416473
-1,2024-02-03,SCAPI,4293,2272360,0,529.3174935942232
-1,2024-02-04,SCAPI,4319,2333598,0,540.309793933781
-1,2024-02-05,SCAPI,4311,2347944,0,544.6402226861517
-1,2024-02-06,SCAPI,4289,2333228,0,544.0027978549779
-1,2024-02-07,SCAPI,4275,2373814,0,555.2781286549707
-1,2024-02-08,SCAPI,4318,2363664,0,547.397869383974
-1,2024-02-09,SCAPI,4283,2316487,0,540.856175577866
-1,2024-02-10,SCAPI,4326,2301641,0,532.048312528895
-1,2024-02-11,SCAPI,4305,2286903,0,531.2202090592334
-1,2024-02-12,SCAPI,4328,2385871,0,551.2640942698706
-1,2024-02-13,SCAPI,4303,2371172,0,551.0508947246108
-1,2024-02-14,SCAPI,4309,2329314,0,540.569505685774
-1,2024-02-15,SCAPI,3799,2096064,0,551.7409844695973
-1,2024-02-16,SCAPI,4313,2368754,0,549.2126130303733
-1,2024-02-17,SCAPI,4321,2283419,0,528.4468872946077
-1,2024-02-18,SCAPI,4332,2301053,0,531.1756694367498
-1,2024-02-19,SCAPI,4318,2246703,0,520.3110236220473
-1,2024-02-20,SCAPI,4329,2138037,0,493.8870408870409
-1,2024-02-21,SCAPI,4310,2146709,0,498.07633410672855
-1,2024-02-22,SCAPI,4321,2162841,0,500.5417727377922
-1,2024-02-23,SCAPI,4303,2152790,0,500.29979084359746
-1,2024-02-24,SCAPI,4318,2110548,0,488.7790643816582
-1,2024-02-25,SCAPI,4313,2180012,0,505.4514259216323
-1,2024-02-26,SCAPI,4326,2168019,0,501.1601941747573
-1,2024-02-27,SCAPI,4315,2191893,0,507.97056778679024
-1,2024-02-28,SCAPI,4257,2245925,0,527.5839793281654
-1,2024-02-29,SCAPI,4315,2214271,0,513.1566628041714
-1,2024-03-01,SCAPI,4298,2237777,0,520.6554211261051
-1,2024-03-02,SCAPI,4305,2392825,0,555.8246225319396
-1,2024-03-03,SCAPI,4318,2325666,0,538.5979620194535
-1,2024-03-04,SCAPI,4311,2284284,0,529.8733472512179
-1,2024-03-05,SCAPI,4328,2182754,0,504.33317929759704
-1,2024-03-06,SCAPI,4306,2208867,0,512.974222015792
-1,2024-03-07,SCAPI,4315,2192917,0,508.2078794901506
-1,2024-03-08,SCAPI,4309,2126794,0,493.57020190299374
-1,2024-03-09,SCAPI,4330,2127782,0,491.40461893764433
-1,2024-03-10,SCAPI,4288,2082237,0,485.5963152985075
-1,2024-03-11,SCAPI,4283,2197919,0,513.1727760915246
-1,2024-03-12,SCAPI,4319,2260660,0,523.4220884463996
-1,2024-03-13,SCAPI,4303,2292552,0,532.779920985359
-1,2024-03-14,SCAPI,4307,2247507,0,521.8265614116555
-1,2024-03-15,SCAPI,4313,2215772,0,513.7426385346627
-1,2024-03-16,SCAPI,4310,2147224,0,498.1958236658933
-1,2024-03-17,SCAPI,4326,2153793,0,497.87170596393895
-1,2024-03-18,SCAPI,4306,2231616,0,518.2573153738969
-1,2024-03-19,SCAPI,4304,2204163,0,512.119656133829
-1,2024-03-20,SCAPI,4320,2230251,0,516.2618055555556
-1,2024-03-21,SCAPI,4311,2245146,0,520.794711203897
-1,2024-03-22,SCAPI,4307,2237569,0,519.5191548641747
-1,2024-03-23,SCAPI,4312,2165654,0,502.23886827458256
-1,2024-03-24,SCAPI,4318,2229331,0,516.2878647522001
-1,2024-03-25,SCAPI,4314,2236501,0,518.4286045433472
-1,2024-03-26,SCAPI,4316,2226320,0,515.8294717330862
-1,2024-03-27,SCAPI,4305,2228810,0,517.725900116144
-1,2024-03-28,SCAPI,4303,2258179,0,524.7917731815013
-1,2024-03-29,SCAPI,4326,2249257,0,519.9392048081369
-1,2024-03-30,SCAPI,4265,2174842,0,509.92778429073854
-1,2024-03-31,SCAPI,4285,2188366,0,510.7038506417736
-1,2024-04-01,SCAPI,4315,2222340,0,515.026651216686
-1,2024-04-02,SCAPI,4315,2235221,0,518.011819235226
-1,2024-04-03,SCAPI,4301,2244371,0,521.8253894443153
-1,2024-04-04,SCAPI,4316,2257849,0,523.1346153846154
-1,2024-04-05,SCAPI,4284,2189972,0,511.19794584500465
-1,2024-04-06,SCAPI,4303,2191443,0,509.28259353939114
-1,2024-04-07,SCAPI,4323,2200283,0,508.971316215591
-1,2024-04-08,SCAPI,4316,2253529,0,522.1336886005561
-1,2024-04-09,SCAPI,4309,2242644,0,520.4557902065444
-1,2024-04-10,SCAPI,4307,2236967,0,519.379382400743
-1,2024-04-11,SCAPI,4310,2176196,0,504.9178654292343
-1,2024-04-12,SCAPI,4311,2179535,0,505.5752725585711
-1,2024-04-13,SCAPI,4326,2091981,0,483.58321775312066
-1,2024-04-14,SCAPI,4315,2117734,0,490.7842410196987
-1,2024-04-15,SCAPI,4316,2191309,0,507.717562557924
-1,2024-04-16,SCAPI,4343,2323966,0,535.1061478240847
-1,2024-04-17,SCAPI,4304,2165706,0,503.1844795539034
-1,2024-04-18,SCAPI,4284,2151906,0,502.31232492997196
-1,2024-04-19,SCAPI,4282,2163664,0,505.2928538066324
-1,2024-04-20,SCAPI,4308,2245183,0,521.1659702878366
-1,2024-04-21,SCAPI,4320,2230558,0,516.3328703703704
-1,2024-04-22,SCAPI,4275,2286133,0,534.7679532163743
-1,2024-04-23,SCAPI,2452,1292531,0,527.1333605220228
-1,2024-08-28,SCAPI,9,59752,0,6639.111111111111
-1,2025-01-14,SCAPI,52,259075,0,4982.211538461538
-1,2025-02-26,SCAPI,61,365475,0,5991.393442622951
-1,2025-02-28,SCAPI,43,264924,0,6161.023255813953
-1,2025-03-05,SCAPI,52,261854,0,5035.653846153846
-1,2025-03-31,SCAPI,117,657382,0,5618.649572649572
-1,2025-04-03,SCAPI,36,236897,0,6580.472222222223
-1,2025-04-14,SCAPI,8,30585,0,3823.125
-1,2025-05-02,SCAPI,15,53791,0,3586.0666666666666
-1,2025-05-07,SCAPI,24,91678,0,3819.9166666666665
-1,2025-05-21,SCAPI,2717,1555016,0,572.3283032756717
-1,2025-05-22,SCAPI,4352,2579182,0,592.6429227941177
-1,2025-05-23,SCAPI,4350,2454237,0,564.1924137931035
-1,2025-05-24,SCAPI,4347,2338396,0,537.9332873245917
-1,2025-05-25,SCAPI,4346,2458160,0,565.6143580303727
-1,2025-05-26,SCAPI,4345,2515480,0,578.9367088607595
-1,2025-05-27,SCAPI,4352,2535552,0,582.6176470588235
-1,2025-05-28,SCAPI,4342,2488470,0,573.1160755412252
-1,2025-05-29,SCAPI,4341,2647866,0,609.9668279198341
-1,2025-05-30,SCAPI,4339,2529089,0,582.8737036183452
-1,2025-05-31,SCAPI,4341,2425432,0,558.7265607002995
-1,2025-06-01,SCAPI,4348,2524314,0,580.5689972401104
-1,2025-06-02,SCAPI,4353,2612319,0,600.1192281185389
-1,2025-06-03,SCAPI,4340,2596113,0,598.1827188940092
-1,2025-06-04,SCAPI,4326,2591067,0,598.9521497919557
-1,2025-06-05,SCAPI,4339,2599088,0,599.0062226319428
-1,2025-06-06,SCAPI,4350,2556023,0,587.5914942528735
-1,2025-06-07,SCAPI,4344,2392243,0,550.7005064456722
-1,2025-06-08,SCAPI,4346,2478813,0,570.3665439484583
-1,2025-06-09,SCAPI,4340,2597775,0,598.565668202765
-1,2025-06-10,SCAPI,4084,2500663,0,612.3072967678746
-1,2025-06-11,SCAPI,4331,2628737,0,606.9584391595474
-1,2025-06-12,SCAPI,4361,2612804,0,599.1295574409539
-1,2025-06-13,SCAPI,39204,22889367,0,583.8528466483012
-1,2025-06-14,SCAPI,138976,76993440,0,554.005295878425
-1,2025-06-15,SCAPI,233928,133083594,0,568.9083564173592
-1,2025-06-16,SCAPI,333872,197753171,0,592.302352398524
-1,2025-06-17,SCAPI,415076,241490286,0,581.797757519105
-1,2025-06-18,SCAPI,428305,253822562,0,592.621057424032
-1,2025-06-19,SCAPI,424358,245748469,0,579.1064832052182
-1,2025-06-20,SCAPI,427004,280891484,0,657.8193272194171
-1,2025-06-21,SCAPI,429398,234271356,0,545.5809202651153
-1,2025-06-22,SCAPI,435465,241193511,0,553.8757672832489
-1,2025-06-23,SCAPI,439848,259678930,0,590.3833369709536
-1,2025-06-24,SCAPI,439999,260377442,0,591.768258564224
-1,2025-06-25,SCAPI,433007,262828920,0,606.9853836081172
-1,2025-06-26,SCAPI,437369,265400070,0,606.810427808098
-1,2025-06-27,SCAPI,436565,259017709,0,593.3084626573362
-1,2025-06-28,SCAPI,439653,241289063,0,548.8170511744489
-1,2025-06-29,SCAPI,439489,243044004,0,553.0149878609021
-1,2025-06-30,SCAPI,441184,261061446,0,591.7291787553493
-1,2025-07-01,SCAPI,434233,253345077,0,583.4311924704018
-1,2025-07-02,SCAPI,430411,255031646,0,592.5305022408814
-1,2025-07-03,SCAPI,430525,249153520,0,578.7202136925846
-1,2025-07-04,SCAPI,432525,238903401,0,552.3458782729322
-1,2025-07-05,SCAPI,370312,194033209,0,523.9722423253904
-1,2025-07-06,SCAPI,277197,152939740,0,551.7366349563667
-1,2025-07-07,SCAPI,178961,105481780,0,589.4121065483541
-1,2025-07-08,SCAPI,80611,47854433,0,593.6464378310652
-1,2025-07-09,SCAPI,5382,3088314,0,573.8227424749164
103,2019-01-04,OCAPI,2,1358,0,679.0
103,2019-01-09,OCAPI,1,944,0,944.0
106,2019-01-08,OCAPI,1,836,0,836.0
106,2019-01-10,OCAPI,3,2591,0,863.6666666666666
109,2019-01-04,OCAPI,1,27,0,27.0
109,2019-01-08,OCAPI,3,496,0,165.33333333333334
109,2019-01-15,OCAPI,2,243,0,121.5
109,2019-01-18,OCAPI,1,2405,0,2405.0
111,2019-10-17,OCAPI,2,117,0,58.5
117,2019-11-06,OCAPI,1,28,0,28.0
121,2019-01-15,OCAPI,1,439,0,439.0
303,2019-01-04,OCAPI,1,630,0,630.0
303,2019-01-11,OCAPI,1,773,0,773.0
304,2019-06-18,OCAPI,3,477,0,159.0
306,2020-01-14,OCAPI,30,10664,0,355.46666666666664
306,2020-01-15,OCAPI,105,43697,0,416.16190476190474
306,2020-01-16,OCAPI,110,44249,0,402.26363636363635
306,2020-01-17,OCAPI,108,47963,0,444.10185185185185
306,2020-01-18,OCAPI,111,38556,0,347.35135135135135
306,2020-01-19,OCAPI,109,38393,0,352.22935779816515
306,2020-01-20,OCAPI,114,39731,0,348.5175438596491
306,2020-01-21,OCAPI,110,48225,0,438.40909090909093
306,2020-01-22,OCAPI,113,45222,0,400.1946902654867
306,2020-01-23,OCAPI,109,41364,0,379.48623853211006
306,2020-01-24,OCAPI,113,39606,0,350.49557522123894
306,2020-01-25,OCAPI,117,104688,0,894.7692307692307
306,2020-01-26,OCAPI,116,41771,0,360.0948275862069
306,2020-01-27,OCAPI,113,40958,0,362.46017699115043
306,2020-01-29,OCAPI,113,41561,0,367.79646017699116
306,2020-01-30,OCAPI,112,39433,0,352.08035714285717
306,2020-01-31,OCAPI,117,43020,0,367.6923076923077
306,2020-02-01,OCAPI,115,104137,0,905.5391304347826
306,2020-02-02,OCAPI,114,40398,0,354.36842105263156
306,2020-02-03,OCAPI,113,42269,0,374.0619469026549
306,2020-02-04,OCAPI,118,41827,0,354.46610169491527
306,2020-02-06,OCAPI,112,40025,0,357.36607142857144
306,2020-02-07,OCAPI,87,33304,0,382.8045977011494
306,2020-02-08,OCAPI,75,26456,0,352.74666666666667
306,2020-02-09,OCAPI,68,28276,0,415.8235294117647
306,2020-02-11,OCAPI,96,35236,0,367.0416666666667
306,2020-02-12,OCAPI,103,37741,0,366.41747572815535
306,2020-02-16,OCAPI,85,29463,0,346.6235294117647
306,2020-02-17,OCAPI,92,32944,0,358.0869565217391
306,2020-02-22,OCAPI,95,33844,0,356.2526315789474
306,2020-02-23,OCAPI,88,32445,0,368.6931818181818
306,2020-02-24,OCAPI,88,45019,0,511.57954545454544
306,2020-02-28,OCAPI,73,52023,0,712.6438356164383
306,2020-03-01,OCAPI,72,50995,0,708.2638888888889
306,2020-03-03,OCAPI,77,56193,0,729.7792207792207
306,2020-03-05,OCAPI,75,52898,0,705.3066666666666
308,2019-10-14,OCAPI,12,1660,0,138.33333333333334
309,2019-01-10,OCAPI,1,725,0,725.0
309,2019-01-21,OCAPI,1,519,0,519.0
902,2019-01-09,OCAPI,2,1793,0,896.5
902,2019-01-15,OCAPI,46,26946,0,585.7826086956521
904,2019-01-16,OCAPI,3,5194,0,1731.3333333333333
1101,2019-01-07,OCAPI,3,229,0,76.33333333333333
1101,2019-01-16,OCAPI,1,418,0,418.0
1101,2019-01-17,OCAPI,1,340,0,340.0
1102,2019-01-18,OCAPI,1,2927,0,2927.0
1303,2019-01-16,OCAPI,1,510,0,510.0
1901,2019-10-01,OCAPI,68,11922,0,175.3235294117647
1901,2019-10-02,OCAPI,9,3026,0,336.22222222222223
1901,2019-10-04,OCAPI,261,35851,0,137.360153256705
1901,2019-10-07,OCAPI,1419,190307,0,134.11346018322763
1901,2019-10-08,OCAPI,831,115967,0,139.55114320096268
1901,2019-10-09,OCAPI,647,116170,0,179.5517774343122
1901,2019-10-10,OCAPI,1833,186353,0,101.66557555919258
1901,2019-10-11,OCAPI,667,111527,0,167.20689655172413
1901,2019-10-14,OCAPI,3251,302641,0,93.09166410335281
1901,2019-10-15,OCAPI,302110,8946412,0,29.613094568203636
1901,2019-10-16,OCAPI,365006,11261076,0,30.85175586154748
1901,2019-10-17,OCAPI,333118,11551652,0,34.67735757299215
1901,2019-10-18,OCAPI,307746,10964888,0,35.629668622825314
1901,2019-10-19,OCAPI,281493,10902735,0,38.7318157112255
1901,2019-10-20,OCAPI,302460,11056514,0,36.55529326191893
1901,2019-10-21,OCAPI,355300,13015867,0,36.63345623416831
1901,2019-10-22,OCAPI,350177,14394559,0,41.10652327251647
1901,2019-10-23,OCAPI,336955,11660314,0,34.60495911917022
1901,2019-10-24,OCAPI,351301,11301478,0,32.17035533630704
1901,2019-10-25,OCAPI,329134,10033186,0,30.483590270224287
1901,2019-10-26,OCAPI,282091,9020917,0,31.97874799266903
1901,2019-10-27,OCAPI,328907,9910962,0,30.133022404509482
1901,2019-10-28,OCAPI,359268,10843127,0,30.181165592259816
1901,2019-10-29,OCAPI,381211,12340889,0,32.372856502042175
1901,2019-10-30,OCAPI,399562,13243670,0,33.14546928887131
1901,2019-10-31,OCAPI,332534,10174314,0,30.596311956070657
1901,2019-11-01,OCAPI,317112,9539784,0,30.083327026413382
1901,2019-11-02,OCAPI,337073,10283268,0,30.507539909752488
1901,2019-11-03,OCAPI,371958,11354774,0,30.527032621962693
1901,2019-11-04,OCAPI,355989,11327909,0,31.8209523327968
1901,2019-11-05,OCAPI,338781,11083331,0,32.71532642031283
1901,2019-11-06,OCAPI,340423,10128353,0,29.75225821992051
1901,2019-11-07,OCAPI,301865,10151604,0,33.62961588789691
1901,2019-11-08,OCAPI,293268,10282162,0,35.06063395938186
1901,2019-11-09,OCAPI,280816,9180727,0,32.693033872713805
1901,2019-11-10,OCAPI,337343,10838493,0,32.128999267807544
1901,2019-11-11,OCAPI,366718,12768154,0,34.81736375089306
1901,2019-11-12,OCAPI,348271,11169024,0,32.06992256030505
1901,2019-11-13,OCAPI,334288,10557661,0,31.58253063226918
1901,2019-11-14,OCAPI,314812,11130241,0,35.355199293546626
1901,2019-11-15,OCAPI,291317,9745429,0,33.453004802328735
1901,2019-11-16,OCAPI,329033,9801095,0,29.787574498606524
1901,2019-11-17,OCAPI,350349,36801586,0,105.0426460472272
1901,2019-11-18,OCAPI,350653,13271368,0,37.84758151220723
1901,2019-11-19,OCAPI,344499,12960835,0,37.622271762762736
1901,2019-11-20,OCAPI,356011,11759587,0,33.03152711573519
1901,2019-11-21,OCAPI,330494,12584994,0,38.0793418337398
1901,2019-11-22,OCAPI,329567,11369908,0,34.499534237347795
1901,2019-11-23,OCAPI,337986,11125541,0,32.91716520802637
1901,2019-11-24,OCAPI,362756,11833833,0,32.62201865716901
1901,2019-11-25,OCAPI,442600,14292917,0,32.29307953004971
1901,2019-11-26,OCAPI,408949,14022179,0,34.288331796874424
1901,2019-11-27,OCAPI,453026,16421538,0,36.24855527055842
1901,2019-11-28,OCAPI,507179,19048577,0,37.55789770475513
1901,2019-11-29,OCAPI,744207,29328358,0,39.408871456463054
1901,2019-11-30,OCAPI,566426,19213237,0,33.92011842676713
1901,2019-12-01,OCAPI,637061,23913675,0,37.53749640929205
1901,2019-12-02,OCAPI,566814,20989409,0,37.0305055979563
1901,2019-12-03,OCAPI,392328,13025418,0,33.20032727717624
1901,2019-12-04,OCAPI,392988,11885996,0,30.245188148238622
1901,2019-12-05,OCAPI,409379,12283749,0,30.005811240928335
1901,2019-12-06,OCAPI,377612,12388614,0,32.8077868288084
1901,2019-12-07,OCAPI,402917,12770686,0,31.695575019172683
1901,2019-12-08,OCAPI,414623,12839979,0,30.967840664893167
1901,2019-12-09,OCAPI,402645,12996009,0,32.276593525313864
1901,2019-12-10,OCAPI,392803,13486845,0,34.3348828802224
1901,2019-12-11,OCAPI,380436,12738105,0,33.48291171182538
1901,2019-12-12,OCAPI,378144,12499578,0,33.055074257425744
1901,2019-12-13,OCAPI,387766,13528024,0,34.88708138413373
1901,2019-12-14,OCAPI,358798,11990728,0,33.41916064192108
1901,2019-12-15,OCAPI,382190,12677323,0,33.17021115152149
1901,2019-12-16,OCAPI,391492,13124082,0,33.52324440857029
1901,2019-12-17,OCAPI,342276,16479205,0,48.14595531091867
1901,2019-12-18,OCAPI,348627,12378745,0,35.50713226456929
1901,2019-12-19,OCAPI,320193,11957133,0,37.343517815817336
1901,2019-12-20,OCAPI,272212,10792149,0,39.64611773176789
1901,2019-12-21,OCAPI,276383,10223643,0,36.99085327245164
1901,2019-12-22,OCAPI,279275,9800841,0,35.09387163190404
1901,2019-12-23,OCAPI,253767,9549635,0,37.63150843096226
1901,2019-12-24,OCAPI,186314,8583820,0,46.071792779930654
1901,2019-12-25,OCAPI,210489,8905993,0,42.31096636878887
1901,2019-12-26,OCAPI,268309,10805704,0,40.273356465865845
1901,2019-12-27,OCAPI,291301,10861265,0,37.28536805572243
1901,2019-12-28,OCAPI,284758,10907029,0,38.30280097486287
1901,2019-12-29,OCAPI,319635,11171524,0,34.95087834561296
1901,2019-12-30,OCAPI,286768,11305519,0,39.42392107906043
1901,2019-12-31,OCAPI,201612,8427641,0,41.8012866297641
1901,2020-01-01,OCAPI,232149,9194681,0,39.60680855829661
1901,2020-01-02,OCAPI,316248,11100982,0,35.1021413574157
1901,2020-01-03,OCAPI,318639,11583734,0,36.353785945850944
1901,2020-01-04,OCAPI,305189,10989957,0,36.01033130289755
1901,2020-01-05,OCAPI,317702,10978177,0,34.55495086590579
1901,2020-01-06,OCAPI,307017,11448284,0,37.288762511522165
1901,2020-01-07,OCAPI,312091,11749773,0,37.64854801964812
1901,2020-01-08,OCAPI,332906,13805343,0,41.469192504791145
1901,2020-01-09,OCAPI,311086,12589036,0,40.46802491915419
1901,2020-01-10,OCAPI,291176,11821929,0,40.60062985960381
1901,2020-01-11,OCAPI,290856,11613820,0,39.92979343730231
1901,2020-01-12,OCAPI,328879,12376599,0,37.632682536738436
1901,2020-01-13,OCAPI,316564,12309130,0,38.88354329614233
1901,2020-01-14,OCAPI,309368,13436000,0,43.43047761888754
1901,2020-01-15,OCAPI,303682,13568062,0,44.678518977087876
1901,2020-01-16,OCAPI,391224,14291886,0,36.53120974173363
1901,2020-01-17,OCAPI,350034,12919569,0,36.90946879445997
1901,2020-01-18,OCAPI,300843,11322084,0,37.63452697918848
1901,2020-01-19,OCAPI,312995,11518214,0,36.79999361012157
1901,2020-01-20,OCAPI,319198,13193033,0,41.33181598882199
1901,2020-01-21,OCAPI,335394,13843568,0,41.27553862024962
1901,2020-01-22,OCAPI,433415,14567051,0,33.60993735795946
1901,2020-01-23,OCAPI,319891,12010240,0,37.544788693648776
1901,2020-01-24,OCAPI,311366,11289050,0,36.25652768767303
1901,2020-01-25,OCAPI,284449,11042824,0,38.821806369507364
1901,2020-01-26,OCAPI,316473,11200612,0,35.39199868551188
1901,2020-01-27,OCAPI,432864,14036800,0,32.42773711835588
1901,2020-01-29,OCAPI,400238,14539998,0,36.328379614129595
1901,2020-01-30,OCAPI,388084,14386444,0,37.07043835870585
1901,2020-01-31,OCAPI,345045,13236424,0,38.36144271037111
1901,2020-02-01,OCAPI,350117,13634835,0,38.943653121670756
1901,2020-02-02,OCAPI,373528,13080778,0,35.019538026600415
1901,2020-02-03,OCAPI,354949,12314149,0,34.69272768763963
1901,2020-02-04,OCAPI,350166,13447691,0,38.40375993100415
1901,2020-02-06,OCAPI,366620,13866228,0,37.821799138072116
1901,2020-02-07,OCAPI,365222,14260296,0,39.045555853699945
1901,2020-02-08,OCAPI,355380,12868688,0,36.211064212955144
1901,2020-02-09,OCAPI,358452,12502293,0,34.87856951558368
1901,2020-02-11,OCAPI,384543,14333678,0,37.27457787555618
1901,2020-02-12,OCAPI,421374,15193335,0,36.05665038659243
1901,2020-02-16,OCAPI,389496,14000276,0,35.94459506644484
1901,2020-02-17,OCAPI,382481,13167566,0,34.42671923572674
1901,2020-02-22,OCAPI,356979,13786183,0,38.61903081133624
1901,2020-02-23,OCAPI,377298,13254164,0,35.12916580527859
1901,2020-02-24,OCAPI,405464,14790272,0,36.47739873330308
1901,2020-02-28,OCAPI,394209,17857130,0,45.298636002729516
1901,2020-03-01,OCAPI,409084,17457586,0,42.674819841401764
1901,2020-03-03,OCAPI,470167,18599148,0,39.55859939128012
1901,2020-03-05,OCAPI,193988,11159742,0,57.5280017320659
2001,2019-10-16,OCAPI,327,115061,0,351.86850152905197
2001,2019-10-17,OCAPI,718,253556,0,353.142061281337
2001,2019-10-18,OCAPI,720,313996,0,436.10555555555555
2001,2019-10-19,OCAPI,719,313569,0,436.11821974965227
2001,2019-10-20,OCAPI,720,315772,0,438.5722222222222
2001,2019-10-21,OCAPI,709,377208,0,532.0282087447108
2001,2019-10-22,OCAPI,718,310469,0,432.408077994429
2001,2019-10-23,OCAPI,719,325907,0,453.2781641168289
2001,2019-10-24,OCAPI,720,330362,0,458.8361111111111
2001,2019-10-25,OCAPI,720,266463,0,370.0875
2001,2019-10-26,OCAPI,721,305020,0,423.0513176144244
2001,2019-10-27,OCAPI,711,363817,0,511.6976090014065
2001,2019-10-28,OCAPI,640,297803,0,465.3171875
2001,2019-10-29,OCAPI,720,335416,0,465.85555555555555
2001,2019-10-30,OCAPI,516,193856,0,375.68992248062017
2001,2019-10-31,OCAPI,719,331570,0,461.15438108484005
2001,2019-11-01,OCAPI,718,268484,0,373.933147632312
2001,2019-11-02,OCAPI,720,454640,0,631.4444444444445
2001,2019-11-03,OCAPI,720,257572,0,357.7388888888889
2001,2019-11-04,OCAPI,476,186836,0,392.5126050420168
2001,2019-11-05,OCAPI,387,140809,0,363.8475452196382
2001,2019-11-06,OCAPI,721,267202,0,370.5991678224688
2001,2019-11-07,OCAPI,720,268047,0,372.2875
2001,2019-11-08,OCAPI,719,267172,0,371.5883171070932
2001,2019-11-09,OCAPI,715,257711,0,360.43496503496505
2001,2019-11-10,OCAPI,720,321406,0,446.39722222222224
2001,2019-11-11,OCAPI,720,271593,0,377.2125
2001,2019-11-12,OCAPI,704,280257,0,398.09232954545456
2001,2019-11-13,OCAPI,363,135574,0,373.4820936639118
2001,2019-11-14,OCAPI,720,329588,0,457.7611111111111
2001,2019-11-15,OCAPI,292,113561,0,388.9075342465753
2001,2019-11-19,OCAPI,396,146278,0,369.3888888888889
2001,2019-11-20,OCAPI,723,332282,0,459.5878284923928
2001,2019-11-21,OCAPI,628,558830,0,889.8566878980891
2002,2019-10-16,OCAPI,399,140949,0,353.25563909774434
2002,2019-10-17,OCAPI,718,265884,0,370.31197771587745
2002,2019-10-18,OCAPI,720,267291,0,371.2375
2002,2019-10-19,OCAPI,719,315968,0,439.4547983310153
2002,2019-10-20,OCAPI,720,330898,0,459.5805555555556
2002,2019-10-21,OCAPI,709,307725,0,434.0267983074753
2002,2019-10-22,OCAPI,720,307956,0,427.71666666666664
2002,2019-10-23,OCAPI,719,328485,0,456.86369958275384
2002,2019-10-24,OCAPI,720,274563,0,381.3375
2002,2019-10-25,OCAPI,723,275536,0,381.1009681881051
2002,2019-10-26,OCAPI,721,283834,0,393.66712898751734
2002,2019-10-27,OCAPI,712,266527,0,374.33567415730334
2002,2019-10-28,OCAPI,642,254712,0,396.74766355140184
2002,2019-10-29,OCAPI,720,281553,0,391.04583333333335
2002,2019-10-30,OCAPI,517,193635,0,374.5357833655706
2002,2019-10-31,OCAPI,720,341219,0,473.91527777777776
2002,2019-11-01,OCAPI,720,265399,0,368.6097222222222
2002,2019-11-02,OCAPI,720,265012,0,368.0722222222222
2002,2019-11-03,OCAPI,720,265476,0,368.71666666666664
2002,2019-11-04,OCAPI,720,374179,0,519.6930555555556
2002,2019-11-05,OCAPI,720,310136,0,430.74444444444447
2002,2019-11-06,OCAPI,722,306182,0,424.0747922437673
2002,2019-11-07,OCAPI,721,266549,0,369.69348127600557
2002,2019-11-08,OCAPI,720,269284,0,374.00555555555553
2002,2019-11-09,OCAPI,715,264308,0,369.66153846153844
2002,2019-11-10,OCAPI,720,265221,0,368.3625
2002,2019-11-11,OCAPI,720,271166,0,376.61944444444447
2002,2019-11-12,OCAPI,704,263679,0,374.54403409090907
2002,2019-11-13,OCAPI,364,140084,0,384.84615384615387
2002,2019-11-14,OCAPI,720,341937,0,474.9125
2002,2019-11-15,OCAPI,292,126492,0,433.1917808219178
2002,2019-11-19,OCAPI,401,209324,0,522.0049875311721
2002,2019-11-20,OCAPI,721,274410,0,380.59639389736475
2002,2019-11-21,OCAPI,609,479668,0,787.6321839080459
2002,2020-01-27,OCAPI,4,614,0,153.5
2101,2019-10-18,OCAPI,3723,2305221,0,619.1837228041902
2101,2019-10-19,OCAPI,2121,1505823,0,709.9589816124469
2101,2019-10-20,OCAPI,2165,1548571,0,715.2752886836028
2101,2019-10-21,OCAPI,3025,2122020,0,701.4942148760331
2101,2019-10-22,OCAPI,5633,2952762,0,524.1899520681698
2101,2019-10-23,OCAPI,7176,2620323,0,365.1509197324415
2101,2019-10-24,OCAPI,8372,2801595,0,334.63867654085044
2101,2019-10-25,OCAPI,6558,2986627,0,455.4173528514791
2101,2019-10-26,OCAPI,2118,1540013,0,727.1071765816808
2101,2019-10-27,OCAPI,2328,1555139,0,668.0150343642612
2101,2019-10-28,OCAPI,3862,2316898,0,599.9218021750388
2101,2019-10-29,OCAPI,6033,2571420,0,426.22575832918943
2101,2019-10-30,OCAPI,5360,2175422,0,405.86231343283583
2101,2019-10-31,OCAPI,5826,2514382,0,431.57947133539307
2101,2019-11-01,OCAPI,2077,1445978,0,696.1858449687048
2101,2019-11-02,OCAPI,2120,1499032,0,707.0905660377358
2101,2019-11-03,OCAPI,2215,1493080,0,674.0767494356659
2101,2019-11-04,OCAPI,3291,1861794,0,565.7228805834093
2101,2019-11-05,OCAPI,4021,2366960,0,588.6495896543148
2101,2019-11-06,OCAPI,4771,2178514,0,456.6158038147139
2101,2019-11-07,OCAPI,7335,3698348,0,504.2055896387185
2101,2019-11-08,OCAPI,2514,2013629,0,800.9661893396977
2101,2019-11-09,OCAPI,2117,1637211,0,773.3637222484648
2101,2019-11-10,OCAPI,2175,1569694,0,721.6983908045977
2101,2019-11-11,OCAPI,3514,2384883,0,678.6804211724531
2101,2019-11-12,OCAPI,3374,2536245,0,751.702726733847
2101,2019-11-13,OCAPI,3552,2407704,0,677.8445945945946
2101,2019-11-14,OCAPI,3520,2242915,0,637.1917613636364
2101,2019-11-15,OCAPI,3049,2244937,0,736.2863233847163
2101,2019-11-16,OCAPI,1498,746775,0,498.5146862483311
2101,2019-11-17,OCAPI,86,28578,0,332.30232558139534
2101,2019-11-18,OCAPI,4260,1837039,0,431.2298122065728
2101,2019-11-19,OCAPI,2948,1601530,0,543.2598371777476
2101,2019-11-20,OCAPI,3361,2119796,0,630.7039571556085
2101,2019-11-21,OCAPI,4403,2843704,0,645.8560072677719
2101,2019-11-22,OCAPI,3471,2276075,0,655.7404206280611
2101,2019-11-23,OCAPI,2087,1401805,0,671.6842357450887
2101,2019-11-24,OCAPI,2221,1339321,0,603.0261143628996
2101,2019-11-25,OCAPI,3977,2263938,0,569.2577319587629
2101,2019-11-26,OCAPI,3716,2274905,0,612.1918729817007
2101,2019-11-27,OCAPI,3002,2105681,0,701.4260493004664
2101,2019-11-28,OCAPI,4589,2858172,0,622.831117890608
2101,2019-11-29,OCAPI,3173,2519922,0,794.1764891270092
2101,2019-11-30,OCAPI,2157,1674139,0,776.1423273064441
2101,2019-12-01,OCAPI,2323,1647028,0,709.0090400344383
2101,2019-12-02,OCAPI,2684,2249562,0,838.1378539493294
2101,2019-12-03,OCAPI,3622,2465190,0,680.6156819436775
2101,2019-12-04,OCAPI,2969,2143310,0,721.8962613674638
2101,2019-12-05,OCAPI,2982,2048577,0,686.9808853118712
2101,2019-12-06,OCAPI,3192,2866356,0,897.9812030075188
2101,2019-12-07,OCAPI,2055,1450223,0,705.7046228710462
2101,2019-12-08,OCAPI,2053,1463620,0,712.9176814417925
2101,2019-12-09,OCAPI,3430,2522205,0,735.3367346938776
2101,2019-12-10,OCAPI,2483,1653556,0,665.9508658880386
2101,2019-12-11,OCAPI,3102,2379767,0,767.1718246292714
2101,2019-12-12,OCAPI,4518,3062415,0,677.8253652058432
2101,2019-12-13,OCAPI,2534,2034138,0,802.7379636937648
2101,2019-12-14,OCAPI,2327,1413912,0,607.6115169746455
2101,2019-12-15,OCAPI,2098,1388913,0,662.0176358436606
2101,2019-12-16,OCAPI,3302,2314360,0,700.8964264082374
2101,2019-12-17,OCAPI,2503,1742910,0,696.3284059129045
2101,2019-12-18,OCAPI,2595,2161755,0,833.0462427745665
2101,2019-12-19,OCAPI,3280,2078483,0,633.6838414634146
2101,2019-12-20,OCAPI,2855,1730711,0,606.2035026269702
2101,2019-12-21,OCAPI,2031,1491136,0,734.1880846873462
2101,2019-12-22,OCAPI,2016,1527453,0,757.6651785714286
2101,2019-12-23,OCAPI,3040,2018823,0,664.0865131578947
2101,2019-12-24,OCAPI,3044,1705519,0,560.28876478318
2101,2019-12-25,OCAPI,1804,1236699,0,685.5315964523281
2101,2019-12-26,OCAPI,3738,1749816,0,468.115569823435
2101,2019-12-27,OCAPI,2366,1800269,0,760.8913778529163
2101,2019-12-28,OCAPI,2002,1522466,0,760.4725274725274
2101,2019-12-29,OCAPI,2050,1621862,0,791.1521951219512
2101,2019-12-30,OCAPI,2673,2011186,0,752.4077815188926
2101,2019-12-31,OCAPI,2142,1721694,0,803.7787114845938
2101,2020-01-01,OCAPI,2007,1434483,0,714.7399103139013
2101,2020-01-02,OCAPI,2722,2215826,0,814.04335047759
2101,2020-01-03,OCAPI,2936,2166346,0,737.8562670299727
2101,2020-01-04,OCAPI,2034,1520114,0,747.3520157325468
2101,2020-01-05,OCAPI,2026,1451704,0,716.5370187561698
2101,2020-01-06,OCAPI,2294,1709683,0,745.2846556233653
2101,2020-01-07,OCAPI,2829,2372991,0,838.8091198303288
2101,2020-01-08,OCAPI,3455,2301556,0,666.1522431259045
2101,2020-01-09,OCAPI,2175,1883333,0,865.9002298850575
2101,2020-01-10,OCAPI,2414,1760053,0,729.1023198011599
2101,2020-01-11,OCAPI,2042,1512255,0,740.57541625857
2101,2020-01-12,OCAPI,1776,1402177,0,789.5140765765766
2101,2020-01-13,OCAPI,2218,1778481,0,801.8399458972046
2101,2020-01-14,OCAPI,3198,2273071,0,710.7789243277048
2101,2020-01-15,OCAPI,2479,1864733,0,752.2117789431222
2101,2020-01-16,OCAPI,2659,2202605,0,828.3584054155698
2101,2020-01-17,OCAPI,2756,2197382,0,797.3084179970972
2101,2020-01-18,OCAPI,2012,1380840,0,686.3021868787276
2101,2020-01-19,OCAPI,1990,1401377,0,704.2095477386935
2101,2020-01-20,OCAPI,2792,2734699,0,979.4767191977078
2101,2020-01-21,OCAPI,2815,3410165,0,1211.4262877442275
2101,2020-01-22,OCAPI,2765,3699911,0,1338.1233273056057
2101,2020-01-23,OCAPI,2441,2461773,0,1008.5100368701352
2101,2020-01-24,OCAPI,2197,1771778,0,806.4533454710969
2101,2020-01-25,OCAPI,2017,1495730,0,741.5617253346554
2101,2020-01-26,OCAPI,2077,1423497,0,685.3620606644198
2101,2020-01-27,OCAPI,2311,1827583,0,790.8191259195154
2101,2020-01-29,OCAPI,3074,2438815,0,793.368575146389
2101,2020-01-30,OCAPI,3157,1934432,0,612.7437440608172
2101,2020-01-31,OCAPI,2148,1993395,0,928.0237430167598
2101,2020-02-01,OCAPI,1711,1266959,0,740.4786674459381
2101,2020-02-02,OCAPI,1710,1231425,0,720.1315789473684
2101,2020-02-03,OCAPI,2566,2150201,0,837.9583008573655
2101,2020-02-04,OCAPI,4057,2455880,0,605.3438501355681
2101,2020-02-06,OCAPI,2977,2355043,0,791.0792744373531
2101,2020-02-07,OCAPI,2936,2155653,0,734.2142370572207
2101,2020-02-08,OCAPI,1954,1409819,0,721.5040941658137
2101,2020-02-09,OCAPI,1211,616546,0,509.12138728323697
2101,2020-02-11,OCAPI,4664,3205778,0,687.3451972555746
2101,2020-02-12,OCAPI,2781,2222308,0,799.1039194534341
2101,2020-02-16,OCAPI,2530,1456624,0,575.7407114624506
2101,2020-02-17,OCAPI,3009,2098401,0,697.3748753738784
2101,2020-02-22,OCAPI,1946,1708578,0,877.9948612538541
2101,2020-02-23,OCAPI,2096,2140546,0,1021.2528625954199
2101,2020-02-24,OCAPI,2721,3385678,0,1244.2771040058801
2101,2020-02-28,OCAPI,2559,2595980,0,1014.4509574052364
2101,2020-03-01,OCAPI,2091,2358280,0,1127.8240076518412
2101,2020-03-03,OCAPI,3615,2958296,0,818.339142461964
2101,2020-03-05,OCAPI,2272,1170977,0,515.3948063380282
2101,2022-07-29,OCAPI,721,91412,0,126.78502080443828
2101,2023-10-05,OCAPI,107,201768,0,1885.6822429906542
2101,2023-12-17,OCAPI,24,12849,0,535.375
2101,2024-01-30,OCAPI,1446,502667,0,347.62586445366526
2101,2024-05-25,OCAPI,1446,535546,0,370.3637621023513
3701,2024-04-27,OCAPI,1920,507592,0,264.37083333333334
5001,2024-04-27,OCAPI,87,109642,0,1260.2528735632184
