site_id,date,best_practices_score,score_cache_hit_rate,score_avg_response,score_error_rate,score_includes_ps,score_coupons,score_api_ratio,avg_response_time_ms,cache_hit_rate,error_rate,total_requests,product_show_include_count,coupon_count,api_requests,api_ratio
102,2018-10-19,23,1,2,5,5,5,5,675.0587659157688,0.0,0.0,2042,0.0,0.0,0.0,0.0
102,2018-10-20,26,1,5,5,5,5,5,198.14039262343843,0.002379535990481856,0.0,1681,1.0,0.0,0.0,0.0
102,2018-10-21,26,1,5,5,5,5,5,208.79527559055117,0.005249343832020997,0.0,1143,0.0,0.0,0.0,0.0
102,2018-10-22,26,1,5,5,5,5,5,108.34334763948497,0.002145922746781116,0.0,932,0.0,0.0,0.0,0.0
102,2018-10-23,22,1,1,5,5,5,5,800.66,0.0020689655172413794,0.0,1450,0.0,0.0,0.0,0.0
102,2018-10-24,23,1,2,5,5,5,5,507.1628329297821,0.0006053268765133172,0.0,1652,0.0,0.0,0.0,0.0
102,2018-10-25,26,1,5,5,5,5,5,98.70305907172995,0.0005274261603375527,0.0,1896,0.0,0.0,0.0,0.0
102,2018-10-26,26,1,5,5,5,5,5,212.3271186440678,0.003389830508474576,0.0,590,0.0,0.0,0.0,0.0
102,2018-10-28,26,1,5,5,5,5,5,94.93442622950819,0.00819672131147541,0.0,122,1.0,0.0,0.0,0.0
102,2018-10-30,26,1,5,5,5,5,5,38.144845585036975,0.0,0.0,2299,2.0,0.0,0.0,0.0
102,2018-11-01,26,1,5,5,5,5,5,250.15555555555557,0.0,0.0,135,0.0,0.0,0.0,0.0
102,2018-11-03,24,1,3,5,5,5,5,312.88505747126436,0.034482758620689655,0.0,87,0.0,0.0,0.0,0.0
102,2018-11-05,26,1,5,5,5,5,5,188.33739837398375,0.0,0.0,246,0.0,0.0,0.0,0.0
102,2018-11-07,26,1,5,5,5,5,5,36.30250297973778,0.0007151370679380214,0.0,4195,0.0,0.0,0.0,0.0
102,2018-11-09,22,1,1,5,5,5,5,1083.4943820224719,0.0014044943820224719,0.0,712,0.0,0.0,0.0,0.0
102,2018-11-11,26,1,5,5,5,5,5,47.60606060606061,0.030303030303030304,0.0,33,0.0,0.0,0.0,0.0
102,2018-11-13,26,1,5,5,5,5,5,52.01063829787234,0.010638297872340425,0.0,94,0.0,0.0,0.0,0.0
102,2019-01-05,26,1,5,5,5,5,5,274.48214285714283,0.017857142857142856,0.0,56,0.0,0.0,0.0,0.0
102,2019-01-07,23,1,2,5,5,5,5,619.75,0.0,0.0,4,0.0,0.0,0.0,0.0
102,2019-01-09,26,1,5,5,5,5,5,99.60014566642388,0.0007283321194464676,0.0,1373,0.0,0.0,0.0,0.0
102,2019-01-11,26,1,5,5,5,5,5,139.0,0.0,0.0,2,0.0,0.0,0.0,0.0
103,2018-10-19,26,1,5,5,5,5,5,228.92007755277896,0.00043084877208099956,0.0,4642,0.0,0.0,0.0,0.0
103,2018-10-20,26,1,5,5,5,5,5,180.73583460949465,0.0009571209800918836,0.0,5224,1.0,0.0,0.0,0.0
103,2018-10-21,26,1,5,5,5,5,5,80.97319034852546,0.0006702412868632708,0.0,1492,0.0,0.0,0.0,0.0
103,2018-10-22,26,1,5,5,5,5,5,115.26073131955485,0.0006359300476947536,0.0,3145,0.0,0.0,0.0,0.0
103,2018-10-23,26,1,5,5,5,5,5,46.91813989239047,0.0003843197540353574,0.0,2602,0.0,0.0,0.0,0.0
103,2018-10-24,26,1,5,5,5,5,5,127.72846975088967,0.0010676156583629894,0.0,2810,0.0,0.0,0.0,0.0
103,2018-10-25,26,1,5,5,5,5,5,264.01857585139317,0.0015479876160990713,0.0,646,0.0,0.0,0.0,0.0
103,2018-10-26,26,1,5,5,5,5,5,39.936101163831694,0.00011190689346463742,0.0,8936,0.0,0.0,0.0,0.0
103,2018-10-28,26,1,5,5,5,5,5,235.5701754385965,0.008771929824561403,0.0,228,1.0,0.0,0.0,0.0
103,2018-10-30,23,1,2,5,5,5,5,539.873840445269,0.0,0.0,4851,1.0,0.0,0.0,0.0
103,2018-11-01,26,1,5,5,5,5,5,80.61351351351351,0.00045045045045045046,0.0,2220,0.0,0.0,0.0,0.0
103,2018-11-03,26,1,5,5,5,5,5,223.91811846689896,0.003484320557491289,0.0,574,0.0,0.0,0.0,0.0
103,2018-11-05,26,1,5,5,5,5,5,175.31460674157304,0.0,0.0,267,0.0,0.0,0.0,0.0
103,2018-11-07,26,1,5,5,5,5,5,125.1006006006006,0.0007507507507507507,0.0,1332,0.0,0.0,0.0,0.0
103,2018-11-09,26,1,5,5,5,5,5,4.421129503407984,0.0,0.0,2054,0.0,0.0,0.0,0.0
103,2018-11-11,26,1,5,5,5,5,5,37.44871794871795,0.0,0.0,156,0.0,0.0,0.0,0.0
103,2018-11-13,23,1,2,5,5,5,5,537.9744408945687,0.003194888178913738,0.0,313,0.0,0.0,0.0,0.0
103,2018-11-15,26,1,5,5,5,5,5,227.2,0.0,0.0,5,0.0,0.0,0.0,0.0
103,2019-01-05,22,1,1,5,5,5,5,959.0125,0.0,0.0,80,0.0,0.0,0.0,0.0
103,2019-01-07,26,1,5,5,5,5,5,110.56989247311827,0.002150537634408602,0.0,465,0.0,0.0,0.0,0.0
103,2019-01-09,20,1,3,5,5,5,1,494.0,0.0,0.0,3,0.0,0.0,1.0,0.3333333333333333
103,2019-01-11,26,1,5,5,5,5,5,87.45348837209302,0.0,0.0,86,1.0,0.0,0.0,0.0
105,2018-10-19,26,1,5,5,5,5,5,283.7557471264368,0.0,0.0,348,0.0,0.0,0.0,0.0
105,2018-10-20,26,1,5,5,5,5,5,37.916666666666664,0.05555555555555555,0.0,36,0.0,0.0,0.0,0.0
105,2018-10-21,26,1,5,5,5,5,5,29.92208695652174,0.00034782608695652176,0.0,2875,0.0,0.0,0.0,0.0
105,2018-10-22,23,1,2,5,5,5,5,715.3268292682927,0.004878048780487805,0.0,205,0.0,0.0,0.0,0.0
105,2018-10-23,24,1,3,5,5,5,5,317.94805194805195,0.0,0.0,462,0.0,0.0,0.0,0.0
105,2018-10-24,26,1,5,5,5,5,5,91.29508196721312,0.00819672131147541,0.0,122,0.0,0.0,0.0,0.0
105,2018-10-25,26,1,5,5,5,5,5,111.08239700374531,0.011235955056179775,0.0,267,0.0,0.0,0.0,0.0
105,2018-10-26,26,1,5,5,5,5,5,38.47529411764706,0.002352941176470588,0.0,425,0.0,0.0,0.0,0.0
105,2018-10-28,26,1,5,5,5,5,5,199.36708860759492,0.012658227848101266,0.0,79,1.0,0.0,0.0,0.0
105,2018-10-30,26,1,5,5,5,5,5,39.0,0.0,0.0,3,0.0,0.0,0.0,0.0
105,2018-11-01,26,1,5,5,5,5,5,43.43295019157088,0.0,0.0,261,0.0,0.0,0.0,0.0
105,2018-11-03,26,1,5,5,5,5,5,56.0,0.0,0.0,1,0.0,0.0,0.0,0.0
105,2018-11-07,26,1,5,5,5,5,5,5.732673267326732,0.0,0.0,505,0.0,0.0,0.0,0.0
105,2018-11-09,26,1,5,5,5,5,5,6.674242424242424,0.0,0.0,132,0.0,0.0,0.0,0.0
105,2019-01-05,26,1,5,5,5,5,5,80.33333333333333,0.0,0.0,3,0.0,0.0,0.0,0.0
105,2019-01-07,26,1,5,5,5,5,5,20.0,0.0,0.0,1,0.0,0.0,0.0,0.0
106,2018-10-19,26,1,5,5,5,5,5,102.6106908222178,0.0007963368504877563,0.0,10046,0.0,0.0,0.0,0.0
106,2018-10-20,26,1,5,5,5,5,5,92.7925301881494,5.616399887672002e-05,0.0,17805,0.0,0.0,0.0,0.0
106,2018-10-21,23,1,2,5,5,5,5,566.3574839836925,0.0005824111822947001,0.0,8585,1.0,0.0,0.0,0.0
106,2018-10-22,26,1,5,5,5,5,5,113.80426073131956,0.00038155802861685216,0.0,15725,0.0,0.0,0.0,0.0
106,2018-10-23,26,1,5,5,5,5,5,80.44074902179989,0.0009782001117942985,0.0,7156,0.0,0.0,0.0,0.0
106,2018-10-24,26,1,5,5,5,5,5,51.83538446391651,9.845426799251748e-05,0.0,20314,0.0,0.0,0.0,0.0
106,2018-10-25,26,1,5,5,5,5,5,239.3135232114824,0.001121327651939897,0.0,4459,0.0,0.0,0.0,0.0
106,2018-10-26,26,1,5,5,5,5,5,136.91649358897337,5.149418973892446e-05,0.0,58259,0.0,0.0,0.0,0.0
106,2018-10-28,26,1,5,5,5,5,5,227.76597003154575,0.0007886435331230284,0.0,5072,1.0,0.0,0.0,0.0
106,2018-10-30,26,1,5,5,5,5,5,73.76296709425544,0.0005577244841048522,0.0,1793,2.0,0.0,0.0,0.0
106,2018-11-01,26,1,5,5,5,5,5,34.91761768901569,8.91583452211127e-05,0.0,11216,0.0,0.0,0.0,0.0
106,2018-11-03,26,1,5,5,5,5,5,188.92241379310346,0.0007836990595611285,0.0,1276,0.0,0.0,0.0,0.0
106,2018-11-05,24,1,3,5,5,5,5,393.8767209011264,0.0,0.0,3196,0.0,0.0,0.0,0.0
106,2018-11-07,26,1,5,5,5,5,5,185.0776515151515,0.003787878787878788,0.0,528,0.0,0.0,0.0,0.0
106,2018-11-09,26,1,5,5,5,5,5,171.5799676898223,0.0,0.0,619,0.0,0.0,0.0,0.0
106,2018-11-11,26,1,5,5,5,5,5,90.28402241725706,0.00010574177857671566,0.0,9457,0.0,0.0,0.0,0.0
106,2018-11-13,26,1,5,5,5,5,5,32.28527200353826,0.0004422821760283061,0.0,2261,0.0,0.0,0.0,0.0
106,2018-11-15,26,1,5,5,5,5,5,141.9090909090909,0.0,0.0,11,0.0,0.0,0.0,0.0
106,2019-01-05,26,1,5,5,5,5,5,186.83273116552922,4.460502252553638e-05,0.0,22419,0.0,0.0,0.0,0.0
106,2019-01-07,22,1,1,5,5,5,5,1123.9827338129496,0.0,0.0,695,0.0,0.0,0.0,0.0
106,2019-01-09,26,1,5,5,5,5,5,164.0117468646944,4.8142888091856634e-05,0.0,41543,0.0,0.0,0.0,0.0
107,2018-10-19,26,1,5,5,5,5,5,277.8082191780822,0.0,0.0,73,0.0,0.0,0.0,0.0
107,2018-10-20,26,1,5,5,5,5,5,30.12159329140461,0.0041928721174004195,0.0,477,0.0,0.0,0.0,0.0
107,2018-10-21,26,1,5,5,5,5,5,95.13821138211382,0.0023228803716608595,0.0,1722,1.0,0.0,0.0,0.0
107,2018-10-22,24,1,3,5,5,5,5,306.11755485893417,0.004702194357366771,0.0,638,1.0,0.0,0.0,0.0
107,2018-10-23,26,1,5,5,5,5,5,298.3097694840834,0.0002195389681668496,0.0,9110,0.0,0.0,0.0,0.0
107,2018-10-24,24,1,3,5,5,5,5,488.78514504303473,0.000637551801083838,0.0,3137,0.0,0.0,0.0,0.0
107,2018-10-25,26,1,5,5,5,5,5,198.26582278481013,0.02531645569620253,0.0,158,0.0,0.0,0.0,0.0
107,2018-10-26,26,1,5,5,5,5,5,73.66734279918865,0.0010141987829614604,0.0,986,0.0,0.0,0.0,0.0
107,2018-10-28,26,1,5,5,5,5,5,145.0845864661654,0.0018796992481203006,0.0,532,0.0,0.0,0.0,0.0
107,2018-10-30,26,1,5,5,5,5,5,116.90389506090216,0.0,0.0,7471,1.0,0.0,0.0,0.0
107,2018-11-01,24,1,3,5,5,5,5,396.2778947368421,0.00631578947368421,0.0,475,0.0,0.0,0.0,0.0
107,2018-11-03,24,1,3,5,5,5,5,474.61421319796955,0.01015228426395939,0.0,197,0.0,0.0,0.0,0.0
107,2018-11-05,23,1,2,5,5,5,5,664.0307692307692,0.0,0.0,65,0.0,0.0,0.0,0.0
107,2018-11-07,26,1,5,5,5,5,5,25.207409857757195,0.0016539861065167053,0.0,3023,0.0,0.0,0.0,0.0
107,2018-11-09,22,1,1,5,5,5,5,808.438596491228,0.017543859649122806,0.0,57,0.0,0.0,0.0,0.0
107,2018-11-11,26,1,5,5,5,5,5,27.0,0.0,0.0,3,0.0,0.0,0.0,0.0
107,2018-11-13,26,1,5,5,5,5,5,299.54545454545456,0.0,0.0,11,0.0,0.0,0.0,0.0
107,2019-01-05,24,1,3,5,5,5,5,360.84415584415586,0.012987012987012988,0.0,77,0.0,0.0,0.0,0.0
107,2019-01-07,26,1,5,5,5,5,5,137.25,0.125,0.0,8,0.0,0.0,0.0,0.0
107,2019-01-09,26,1,5,5,5,5,5,117.23148148148148,0.004629629629629629,0.0,216,0.0,0.0,0.0,0.0
107,2019-01-11,26,1,5,5,5,5,5,22.0,0.0,0.0,1,0.0,0.0,0.0,0.0
109,2018-10-19,26,1,5,5,5,5,5,121.97390023153021,0.0004209640075773521,0.0,9502,0.0,0.0,0.0,0.0
109,2018-10-20,26,1,5,5,5,5,5,246.67543395280154,0.0002228971051238472,0.0,35891,0.0,0.0,0.0,0.0
109,2018-10-21,22,1,1,5,5,5,5,2140.8029017857143,0.00026041666666666666,0.0,26880,0.0,0.0,0.0,0.0
109,2018-10-22,22,1,1,5,5,5,5,1901.2401286590014,0.0001357603099512307,0.0,95757,1.0,0.0,0.0,0.0
109,2018-10-23,26,1,5,5,5,5,5,160.7761253697929,0.00011993283761093787,0.0,25014,0.0,0.0,0.0,0.0
109,2018-10-24,26,1,5,5,5,5,5,176.4123692468619,0.00031380753138075313,0.0,38240,0.0,0.0,0.0,0.0
109,2018-10-25,23,1,2,5,5,5,5,652.2078927649654,0.0005411705936225127,0.0,24022,0.0,0.0,0.0,0.0
109,2018-10-26,23,1,2,5,5,5,5,698.6366724738676,0.00043554006968641115,0.0,11480,0.0,0.0,0.0,0.0
109,2018-10-28,26,1,5,5,5,5,5,139.2889376845612,2.523914085964514e-05,0.0,39621,1.0,0.0,0.0,0.0
109,2018-10-30,26,1,5,5,5,5,5,283.8189102564103,0.00015508684863523573,0.0,19344,0.0,0.0,0.0,0.0
109,2018-11-01,24,1,3,5,5,5,5,422.1911127847863,0.00018828845791752966,0.0,10622,0.0,0.0,0.0,0.0
109,2018-11-03,26,1,5,5,5,5,5,120.53644099149093,0.0005549389567147614,0.0,10812,0.0,0.0,0.0,0.0
109,2018-11-05,26,1,5,5,5,5,5,154.75785582255082,0.0018484288354898336,0.0,1082,0.0,0.0,0.0,0.0
109,2018-11-07,26,1,5,5,5,5,5,194.15317862714508,9.750390015600624e-05,0.0,10256,0.0,0.0,0.0,0.0
109,2018-11-09,26,1,5,5,5,5,5,88.0187717886833,0.00040225261464199515,0.0,7458,0.0,0.0,0.0,0.0
109,2018-11-11,24,1,3,5,5,5,5,442.6502919958777,0.0013740982480247338,0.0,2911,0.0,0.0,0.0,0.0
109,2018-11-13,26,1,5,5,5,5,5,126.9103448275862,0.006896551724137931,0.0,145,0.0,0.0,0.0,0.0
109,2018-11-15,27,2,5,5,5,5,5,78.33333333333333,0.3333333333333333,0.0,3,0.0,0.0,0.0,0.0
109,2018-11-17,26,1,5,5,5,5,5,189.16666666666666,0.0,0.0,6,0.0,0.0,0.0,0.0
109,2019-01-05,23,1,2,5,5,5,5,510.968115942029,0.0001260239445494644,0.0,7935,0.0,0.0,0.0,0.0
109,2019-01-07,22,1,1,5,5,5,5,1202.8604060913706,0.001692047377326565,0.0,1182,0.0,0.0,0.0,0.0
109,2019-01-09,26,1,5,5,5,5,5,145.53544575725027,0.0005370569280343716,0.0,3724,0.0,0.0,0.0,0.0
109,2019-01-11,26,1,5,5,5,5,5,90.5606372045221,0.0,0.0,5838,0.0,0.0,0.0,0.0
111,2018-10-19,26,1,5,5,5,5,5,245.3585426442175,0.0002760143527463428,0.0,3623,0.0,0.0,0.0,0.0
111,2018-10-20,26,1,5,5,5,5,5,261.168044077135,0.0,0.0,2904,0.0,0.0,0.0,0.0
111,2018-10-21,26,1,5,5,5,5,5,43.34204315576534,0.0,0.0,29660,0.0,0.0,0.0,0.0
111,2018-10-22,24,1,3,5,5,5,5,337.1964740265862,9.427736400490242e-05,0.0,10607,0.0,0.0,0.0,0.0
111,2018-10-23,26,1,5,5,5,5,5,62.94732824427481,0.0,0.0,1310,0.0,0.0,0.0,0.0
111,2018-10-24,26,1,5,5,5,5,5,101.72477064220183,0.0,0.0,109,0.0,0.0,0.0,0.0
111,2018-10-25,26,1,5,5,5,5,5,214.84014869888475,0.0,0.0,269,0.0,0.0,0.0,0.0
111,2018-10-26,26,1,5,5,5,5,5,287.8043352601156,0.0,0.0,3460,0.0,0.0,0.0,0.0
111,2018-10-28,26,1,5,5,5,5,5,108.09787258312896,0.0,0.0,35066,0.0,0.0,0.0,0.0
111,2018-10-30,26,1,5,5,5,5,5,151.01924025653676,0.0,0.0,4054,0.0,0.0,0.0,0.0
111,2018-11-01,26,1,5,5,5,5,5,101.69843370836091,0.0,0.0,4533,0.0,0.0,0.0,0.0
111,2018-11-03,22,1,1,5,5,5,5,2632.2972972972975,0.0,0.0,111,0.0,0.0,0.0,0.0
111,2018-11-05,26,1,5,5,5,5,5,152.6241266884024,0.0,0.0,2147,0.0,0.0,0.0,0.0
111,2018-11-07,26,1,5,5,5,5,5,157.26666666666668,0.0,0.0,75,0.0,0.0,0.0,0.0
111,2018-11-09,26,1,5,5,5,5,5,129.60663698907325,0.0,0.0,7413,0.0,0.0,0.0,0.0
111,2018-11-11,26,1,5,5,5,5,5,26.424684660246847,0.0,0.0,36865,0.0,0.0,0.0,0.0
111,2018-11-13,26,1,5,5,5,5,5,81.63414634146342,0.008130081300813009,0.0,123,0.0,0.0,0.0,0.0
111,2018-11-15,26,1,5,5,5,5,5,106.0,0.0,0.0,3,0.0,0.0,0.0,0.0
111,2019-01-05,26,1,5,5,5,5,5,170.34246575342465,0.0,0.0,73,0.0,0.0,0.0,0.0
111,2019-01-07,26,1,5,5,5,5,5,43.0,0.0,0.0,6,0.0,0.0,0.0,0.0
111,2019-01-09,26,1,5,5,5,5,5,70.31979695431473,0.0,0.0,197,0.0,0.0,0.0,0.0
112,2018-10-19,24,1,3,5,5,5,5,365.04108926844987,0.0008056719303899452,0.0,6206,0.0,0.0,0.0,0.0
112,2018-10-20,26,1,5,5,5,5,5,233.4595821980018,0.00045413260672116256,0.0,6606,0.0,0.0,0.0,0.0
112,2018-10-21,26,1,5,5,5,5,5,256.09383624655015,0.0036798528058877645,0.0,1087,0.0,0.0,0.0,0.0
112,2018-10-22,26,1,5,5,5,5,5,91.32359081419624,0.003131524008350731,0.0,958,1.0,0.0,0.0,0.0
112,2018-10-23,26,1,5,5,5,5,5,218.771568627451,0.00392156862745098,0.0,2040,0.0,0.0,0.0,0.0
112,2018-10-24,26,1,5,5,5,5,5,113.15905427189684,0.0016120365394948952,0.0,1861,0.0,0.0,0.0,0.0
112,2018-10-25,26,1,5,5,5,5,5,291.1524170994806,0.0013983220135836995,0.0,5006,0.0,0.0,0.0,0.0
112,2018-10-26,24,1,3,5,5,5,5,329.15657358016944,0.0009413241292751804,0.0,3187,0.0,0.0,0.0,0.0
112,2018-10-28,24,1,3,5,5,5,5,326.1957142857143,0.002857142857142857,0.0,700,1.0,0.0,0.0,0.0
112,2018-10-30,26,1,5,5,5,5,5,179.80495464061408,0.00104675505931612,0.0,2866,1.0,0.0,0.0,0.0
112,2018-11-01,24,1,3,5,5,5,5,314.8633257403189,0.0011389521640091116,0.0,1756,0.0,0.0,0.0,0.0
112,2018-11-03,24,1,3,5,5,5,5,388.9357277882798,0.0,0.0,10580,0.0,0.0,0.0,0.0
112,2018-11-05,26,1,5,5,5,5,5,195.2004608294931,0.0007680491551459293,0.0,1302,0.0,0.0,0.0,0.0
112,2018-11-07,24,1,3,5,5,5,5,359.3517441860465,0.00872093023255814,0.0,344,0.0,0.0,0.0,0.0
112,2018-11-09,26,1,5,5,5,5,5,103.33333333333333,0.0,0.0,450,0.0,0.0,0.0,0.0
112,2018-11-11,26,1,5,5,5,5,5,35.75060342113548,5.24714030853185e-05,0.0,19058,0.0,0.0,0.0,0.0
112,2018-11-13,26,1,5,5,5,5,5,76.94117647058823,0.058823529411764705,0.0,17,0.0,0.0,0.0,0.0
112,2018-11-15,23,1,2,5,5,5,5,500.5,0.0,0.0,2,0.0,0.0,0.0,0.0
112,2018-11-19,22,1,1,5,5,5,5,1878.0,0.0,0.0,1,0.0,0.0,0.0,0.0
112,2019-01-05,26,1,5,5,5,5,5,86.68804664723032,0.0009718172983479105,0.0,1029,0.0,0.0,0.0,0.0
112,2019-01-07,26,1,5,5,5,5,5,246.55113636363637,0.0011363636363636363,0.0,880,0.0,0.0,0.0,0.0
112,2019-01-09,26,1,5,5,5,5,5,271.7016216216216,0.001081081081081081,0.0,925,0.0,0.0,0.0,0.0
112,2019-01-11,26,1,5,5,5,5,5,82.60416666666667,0.020833333333333332,0.0,48,0.0,0.0,0.0,0.0
113,2018-10-19,26,1,5,5,5,5,5,145.00043615745284,0.0006542361792607131,0.0,9171,0.0,0.0,0.0,0.0
113,2018-10-20,26,1,5,5,5,5,5,228.8866768759571,0.006125574272588055,0.0,653,0.0,0.0,0.0,0.0
113,2018-10-21,26,1,5,5,5,5,5,86.08867485885088,0.0009963467286615742,0.0,3011,0.0,0.0,0.0,0.0
113,2018-10-22,26,1,5,5,5,5,5,201.0944055944056,0.0021853146853146855,0.0,2288,1.0,0.0,0.0,0.0
113,2018-10-23,26,1,5,5,5,5,5,130.4648521636969,0.00039161934599569217,0.0,5107,0.0,0.0,0.0,0.0
113,2018-10-24,26,1,5,5,5,5,5,87.73135600443194,0.0003409187761015938,0.0,11733,0.0,0.0,0.0,0.0
113,2018-10-25,26,1,5,5,5,5,5,180.01342710997443,0.0010656436487638534,0.0,4692,0.0,0.0,0.0,0.0
113,2018-10-26,26,1,5,5,5,5,5,68.36185969965028,0.0008228759514503189,0.0,4861,0.0,0.0,0.0,0.0
113,2018-10-28,24,1,3,5,5,5,5,368.0807240704501,0.0019569471624266144,0.0,2044,1.0,0.0,0.0,0.0
113,2018-10-30,26,1,5,5,5,5,5,148.0798372743453,0.0005085176709890668,0.0,3933,0.0,0.0,0.0,0.0
113,2018-11-01,26,1,5,5,5,5,5,21.87089871611983,0.0003566333808844508,0.0,8412,0.0,0.0,0.0,0.0
113,2018-11-03,26,1,5,5,5,5,5,158.57082748948108,0.0007012622720897616,0.0,1426,0.0,0.0,0.0,0.0
113,2018-11-05,23,1,2,5,5,5,5,577.7272727272727,0.015151515151515152,0.0,66,0.0,0.0,0.0,0.0
113,2018-11-07,26,1,5,5,5,5,5,89.69900417603598,0.00016061676839062,0.0,6226,0.0,0.0,0.0,0.0
113,2018-11-09,22,1,1,5,5,5,5,996.1324444444444,0.0008888888888888889,0.0,1125,0.0,0.0,0.0,0.0
113,2018-11-11,26,1,5,5,5,5,5,158.046783625731,0.005847953216374269,0.0,171,0.0,0.0,0.0,0.0
113,2018-11-13,24,2,2,5,5,5,5,603.8,0.2,0.0,5,0.0,0.0,0.0,0.0
113,2018-11-15,26,1,5,5,5,5,5,113.63291139240506,0.012658227848101266,0.0,79,0.0,0.0,0.0,0.0
113,2018-11-19,26,1,5,5,5,5,5,94.0,0.0,0.0,1,0.0,0.0,0.0,0.0
113,2019-01-05,26,1,5,5,5,5,5,258.64438502673795,0.00267379679144385,0.0,374,0.0,0.0,0.0,0.0
113,2019-01-07,26,1,5,5,5,5,5,14.5,0.0,0.0,6,0.0,0.0,0.0,0.0
113,2019-01-09,26,1,5,5,5,5,5,139.05240443896423,0.0006165228113440197,0.0,1622,0.0,0.0,0.0,0.0
113,2019-01-11,26,1,5,5,5,5,5,205.0,0.0,0.0,1,2.0,0.0,0.0,0.0
114,2018-10-19,26,1,5,5,5,5,5,176.1290803557165,0.0002130038873209436,0.0,18779,0.0,0.0,0.0,0.0
114,2018-10-20,26,1,5,5,5,5,5,88.44991032539073,0.0012810658467845247,0.0,3903,0.0,0.0,0.0,0.0
114,2018-10-21,26,1,5,5,5,5,5,167.76637696199248,0.00012971851083149564,0.0,30836,1.0,0.0,0.0,0.0
114,2018-10-22,26,1,5,5,5,5,5,146.92610907035885,0.0009889799378355467,0.0,7078,2.0,0.0,0.0,0.0
114,2018-10-23,26,1,5,5,5,5,5,205.6769230769231,0.002097902097902098,0.0,1430,0.0,0.0,0.0,0.0
114,2018-10-24,26,1,5,5,5,5,5,48.5911815896345,0.00038677238445175013,0.0,10342,0.0,0.0,0.0,0.0
114,2018-10-25,26,1,5,5,5,5,5,263.22949066874025,0.0004860031104199067,0.0,10288,0.0,0.0,0.0,0.0
114,2018-10-26,26,1,5,5,5,5,5,117.9731474919285,0.00023623907394283014,0.0,12699,0.0,0.0,0.0,0.0
114,2018-10-28,26,1,5,5,5,5,5,85.81694255111977,0.0019474196689386564,0.0,1027,0.0,0.0,0.0,0.0
114,2018-10-30,26,1,5,5,5,5,5,69.19324026451139,0.0011021307861866275,0.0,2722,2.0,0.0,0.0,0.0
114,2018-11-01,24,1,3,5,5,5,5,312.1265678449259,0.002280501710376283,0.0,877,0.0,0.0,0.0,0.0
114,2018-11-03,26,1,5,5,5,5,5,30.18105126541207,0.0006489292667099286,0.0,3082,0.0,0.0,0.0,0.0
114,2018-11-05,26,1,5,5,5,5,5,266.3578767123288,0.0017123287671232876,0.0,584,0.0,0.0,0.0,0.0
114,2018-11-07,26,1,5,5,5,5,5,193.38467374810318,0.0007587253414264037,0.0,1318,0.0,0.0,0.0,0.0
114,2018-11-09,26,1,5,5,5,5,5,157.28497409326425,0.007772020725388601,0.0,386,0.0,0.0,0.0,0.0
114,2018-11-11,26,1,5,5,5,5,5,59.429015397655036,0.00028252578047746857,0.0,7079,0.0,0.0,0.0,0.0
114,2018-11-13,26,1,5,5,5,5,5,294.64814814814815,0.018518518518518517,0.0,108,0.0,0.0,0.0,0.0
114,2018-11-15,26,1,5,5,5,5,5,116.8,0.0,0.0,10,0.0,0.0,0.0,0.0
114,2018-11-17,26,1,5,5,5,5,5,78.93525179856115,0.007194244604316547,0.0,139,0.0,0.0,0.0,0.0
114,2019-01-05,23,1,2,5,5,5,5,644.5961538461538,0.0,0.0,52,0.0,0.0,0.0,0.0
114,2019-01-07,23,1,2,5,5,5,5,552.9418604651163,0.011627906976744186,0.0,86,0.0,0.0,0.0,0.0
114,2019-01-09,24,1,3,5,5,5,5,381.57894736842104,0.05263157894736842,0.0,19,0.0,0.0,0.0,0.0
114,2019-01-11,22,1,1,5,5,5,5,1401.6548279689234,0.0011098779134295228,0.0,901,0.0,0.0,0.0,0.0
115,2018-10-19,26,1,5,5,5,5,5,182.78787023977432,0.0011283497884344146,0.0,3545,0.0,0.0,0.0,0.0
115,2018-10-20,24,1,3,5,5,5,5,405.9702428824192,0.0006433971368827409,0.0,6217,0.0,0.0,0.0,0.0
115,2018-10-21,23,1,2,5,5,5,5,644.9682006715386,0.00039502271380604387,0.0,5063,0.0,0.0,0.0,0.0
115,2018-10-22,26,1,5,5,5,5,5,247.02650913423352,0.00029785544082605245,0.0,10072,0.0,0.0,0.0,0.0
115,2018-10-23,23,1,2,5,5,5,5,526.0583349245751,0.0005728470498376934,0.0,10474,0.0,0.0,0.0,0.0
115,2018-10-24,24,1,3,5,5,5,5,351.2823002951538,0.0004760544606302961,0.0,10503,0.0,0.0,0.0,0.0
115,2018-10-25,26,1,5,5,5,5,5,151.05501618122977,0.006472491909385114,0.0,618,0.0,0.0,0.0,0.0
115,2018-10-26,24,1,3,5,5,5,5,398.1565452091768,0.0005398110661268556,0.0,3705,0.0,0.0,0.0,0.0
115,2018-10-28,26,1,5,5,5,5,5,21.868551811365073,0.00027102719306170385,0.0,11069,1.0,0.0,0.0,0.0
115,2018-10-30,24,1,3,5,5,5,5,403.22569377061905,0.0,0.0,5153,3.0,0.0,0.0,0.0
115,2018-11-01,26,1,5,5,5,5,5,285.34767529058865,0.00046869141357330335,0.0,10668,0.0,0.0,0.0,0.0
115,2018-11-03,26,1,5,5,5,5,5,139.7692075926484,0.00030129557095510696,0.0,3319,0.0,0.0,0.0,0.0
115,2018-11-05,23,1,2,5,5,5,5,583.1159600997506,0.00024937655860349125,0.0,4010,0.0,0.0,0.0,0.0
115,2018-11-07,26,1,5,5,5,5,5,251.22399020807833,0.0012239902080783353,0.0,817,0.0,0.0,0.0,0.0
115,2018-11-09,26,1,5,5,5,5,5,16.191176470588236,0.0,0.0,136,0.0,0.0,0.0,0.0
115,2018-11-11,26,1,5,5,5,5,5,200.70114942528735,0.0028735632183908046,0.0,348,0.0,0.0,0.0,0.0
115,2018-11-13,26,1,5,5,5,5,5,71.43548387096774,0.0,0.0,62,0.0,0.0,0.0,0.0
115,2018-11-15,24,1,3,5,5,5,5,330.5,0.0,0.0,32,0.0,0.0,0.0,0.0
115,2019-01-05,24,1,3,5,5,5,5,349.57142857142856,0.0,0.0,7,0.0,0.0,0.0,0.0
115,2019-01-07,22,1,1,5,5,5,5,4858.78431372549,0.0,0.0,255,0.0,0.0,0.0,0.0
115,2019-01-09,26,1,5,5,5,5,5,180.77985739750446,0.0017825311942959,0.0,1122,0.0,0.0,0.0,0.0
115,2019-01-11,26,1,5,5,5,5,5,149.10478004849324,0.00034638032559750607,0.0,5774,0.0,0.0,0.0,0.0
116,2018-10-19,24,1,3,5,5,5,5,346.73011204481793,0.0005602240896358543,0.0,7140,0.0,0.0,0.0,0.0
116,2018-10-20,26,1,5,5,5,5,5,187.3547390668184,0.0008128759551292473,0.0,6151,0.0,0.0,0.0,0.0
116,2018-10-21,26,1,5,5,5,5,5,287.6753126447429,0.0009263547938860583,0.0,4318,1.0,0.0,0.0,0.0
116,2018-10-22,26,1,5,5,5,5,5,157.7025755324418,0.0007429420505200594,0.0,4038,1.0,0.0,0.0,0.0
116,2018-10-23,26,1,5,5,5,5,5,105.53443526170798,0.0013774104683195593,0.0,2178,0.0,0.0,0.0,0.0
116,2018-10-24,23,1,2,5,5,5,5,568.6339464578401,0.0005463485703879075,0.0,5491,0.0,0.0,0.0,0.0
116,2018-10-25,26,1,5,5,5,5,5,293.757817849806,0.00022825838849577722,0.0,8762,0.0,0.0,0.0,0.0
116,2018-10-26,26,1,5,5,5,5,5,171.61483594864478,0.005706134094151213,0.0,701,0.0,0.0,0.0,0.0
116,2018-10-28,26,1,5,5,5,5,5,144.95226879113267,0.00034638032559750607,0.0,14435,1.0,0.0,0.0,0.0
116,2018-10-30,26,1,5,5,5,5,5,176.8634694814135,0.0004589261128958238,0.0,8716,2.0,0.0,0.0,0.0
116,2018-11-01,26,1,5,5,5,5,5,265.2385400997546,0.00011875544295780223,0.0,25262,0.0,0.0,0.0,0.0
116,2018-11-03,26,1,5,5,5,5,5,218.25391095066186,0.0012033694344163659,0.0,3324,0.0,0.0,0.0,0.0
116,2018-11-05,24,1,3,5,5,5,5,302.5726718885988,0.004351610095735422,0.0,1149,0.0,0.0,0.0,0.0
116,2018-11-07,26,1,5,5,5,5,5,93.60588463027487,0.00038714672861014324,0.0,2583,0.0,0.0,0.0,0.0
116,2018-11-09,26,1,5,5,5,5,5,165.16350877192983,0.0003508771929824561,0.0,8550,0.0,0.0,0.0,0.0
116,2018-11-11,22,1,1,5,5,5,5,1295.8385922330096,0.0,0.0,824,0.0,0.0,0.0,0.0
116,2018-11-13,26,1,5,5,5,5,5,65.71366083445491,0.00033647375504710633,0.0,2972,0.0,0.0,0.0,0.0
116,2018-11-15,24,1,3,5,5,5,5,324.3707865168539,0.0,0.0,89,0.0,0.0,0.0,0.0
116,2019-01-05,23,1,2,5,5,5,5,587.5819099378882,0.0,0.0,2576,0.0,0.0,0.0,0.0
116,2019-01-07,24,1,3,5,5,5,5,476.73283139402236,0.00022815423226100844,0.0,4383,0.0,0.0,0.0,0.0
116,2019-01-09,24,1,3,5,5,5,5,401.4017341040462,0.0012386457473162675,0.0,2422,0.0,0.0,0.0,0.0
116,2019-01-11,24,1,3,5,5,5,5,477.05325443786984,0.011834319526627219,0.0,169,0.0,0.0,0.0,0.0
117,2018-10-19,26,1,5,5,5,5,5,133.46625025186378,0.0010074551682450132,0.0,4963,0.0,0.0,0.0,0.0
117,2018-10-20,26,1,5,5,5,5,5,49.8345690900337,0.00048146364949446316,0.0,10385,0.0,0.0,0.0,0.0
117,2018-10-21,26,1,5,5,5,5,5,97.15679783909751,0.00023833483396006568,0.0,37762,0.0,0.0,0.0,0.0
117,2018-10-22,24,1,3,5,5,5,5,477.25627090301003,0.0020903010033444815,0.0,2392,1.0,0.0,0.0,0.0
117,2018-10-23,22,1,1,5,5,5,5,850.25593084037,0.0004020908725371934,0.0,4974,0.0,0.0,0.0,0.0
117,2018-10-24,26,1,5,5,5,5,5,135.88766384189074,0.00014661466733131983,0.0,34103,0.0,0.0,0.0,0.0
117,2018-10-25,24,1,3,5,5,5,5,344.5966149506347,0.0011283497884344146,0.0,3545,0.0,0.0,0.0,0.0
117,2018-10-26,26,1,5,5,5,5,5,290.4021473889702,0.0029282576866764276,0.0,2049,0.0,0.0,0.0,0.0
117,2018-10-28,24,1,3,5,5,5,5,361.48389175257734,0.0006443298969072165,0.0,1552,1.0,0.0,0.0,0.0
117,2018-10-30,24,1,3,5,5,5,5,434.98215348007136,0.002379535990481856,0.0,1681,3.0,0.0,0.0,0.0
117,2018-11-01,26,1,5,5,5,5,5,100.65897166841553,0.0015739769150052466,0.0,1906,0.0,0.0,0.0,0.0
117,2018-11-03,26,1,5,5,5,5,5,130.26219956300073,0.0007283321194464676,0.0,1373,0.0,0.0,0.0,0.0
117,2018-11-05,26,1,5,5,5,5,5,232.95272353545735,0.0020554984583761563,0.0,973,0.0,0.0,0.0,0.0
117,2018-11-07,26,1,5,5,5,5,5,290.83169152828594,0.00028145229383619476,0.0,3553,0.0,0.0,0.0,0.0
117,2018-11-09,26,1,5,5,5,5,5,158.40897435897435,0.002564102564102564,0.0,780,0.0,0.0,0.0,0.0
117,2018-11-11,26,1,5,5,5,5,5,207.99478623566216,0.0031282586027111575,0.0,959,0.0,0.0,0.0,0.0
117,2018-11-13,23,1,2,5,5,5,5,718.2825278810409,0.0,0.0,4304,0.0,0.0,0.0,0.0
117,2018-11-15,26,1,5,5,5,5,5,13.259668508287293,0.001841620626151013,0.0,543,0.0,0.0,0.0,0.0
117,2018-11-19,26,1,5,5,5,5,5,26.348484848484848,0.0,0.0,132,0.0,0.0,0.0,0.0
117,2019-01-05,23,1,2,5,5,5,5,600.71875,0.0,0.0,96,0.0,0.0,0.0,0.0
117,2019-01-07,23,1,2,5,5,5,5,522.9952885747939,0.0,0.0,2547,0.0,0.0,0.0,0.0
117,2019-01-09,26,1,5,5,5,5,5,199.15440680253747,0.00026994196247806724,0.0,7409,0.0,0.0,0.0,0.0
117,2019-01-11,24,1,3,5,5,5,5,385.9468024900962,0.001697792869269949,0.0,1767,2.0,0.0,0.0,0.0
118,2018-10-19,26,1,5,5,5,5,5,162.91328934967012,0.0,0.0,1061,0.0,0.0,0.0,0.0
118,2018-10-20,26,1,5,5,5,5,5,34.929515418502206,0.0,0.0,227,0.0,0.0,0.0,0.0
118,2018-10-21,22,1,1,5,5,5,5,1002.5172413793103,0.011494252873563218,0.0,87,0.0,0.0,0.0,0.0
118,2018-10-22,24,1,3,5,5,5,5,352.9761904761905,0.0,0.0,42,0.0,0.0,0.0,0.0
118,2018-10-23,24,1,3,5,5,5,5,419.19417475728153,0.009708737864077669,0.0,206,0.0,0.0,0.0,0.0
118,2018-10-24,24,1,3,5,5,5,5,314.22539682539684,0.0015873015873015873,0.0,1260,0.0,0.0,0.0,0.0
118,2018-10-25,26,1,5,5,5,5,5,288.03846153846155,0.0,0.0,52,0.0,0.0,0.0,0.0
118,2018-10-26,26,1,5,5,5,5,5,232.8740740740741,0.022222222222222223,0.0,135,0.0,0.0,0.0,0.0
118,2018-10-28,22,1,1,5,5,5,5,842.25,0.0,0.0,4,0.0,0.0,0.0,0.0
118,2018-10-30,23,1,2,5,5,5,5,556.4405594405595,0.006993006993006993,0.0,286,1.0,0.0,0.0,0.0
118,2018-11-01,24,1,3,5,5,5,5,365.5652173913044,0.06521739130434782,0.0,46,0.0,0.0,0.0,0.0
118,2018-11-03,26,1,5,5,5,5,5,117.18461538461538,0.0,0.0,65,0.0,0.0,0.0,0.0
118,2018-11-05,26,1,5,5,5,5,5,155.0,0.0,0.0,1,0.0,0.0,0.0,0.0
118,2018-11-07,26,1,5,5,5,5,5,14.666666666666666,0.0,0.0,3,0.0,0.0,0.0,0.0
118,2018-11-11,26,1,5,5,5,5,5,69.18604651162791,0.0,0.0,43,0.0,0.0,0.0,0.0
118,2018-11-15,26,1,5,5,5,5,5,18.096774193548388,0.0,0.0,31,0.0,0.0,0.0,0.0
118,2019-01-05,26,1,5,5,5,5,5,13.0,0.0,0.0,3,0.0,0.0,0.0,0.0
118,2019-01-09,22,1,1,5,5,5,5,1107.7761194029852,0.0,0.0,402,0.0,0.0,0.0,0.0
120,2018-10-19,23,1,2,5,5,5,5,517.3932388764604,0.0012428535918468805,0.0,4023,0.0,0.0,0.0,0.0
120,2018-10-20,26,1,5,5,5,5,5,178.49178743961352,0.0012882447665056361,0.0,3105,1.0,0.0,0.0,0.0
120,2018-10-21,26,1,5,5,5,5,5,287.6758448060075,0.0037546933667083854,0.0,799,0.0,0.0,0.0,0.0
120,2018-10-22,26,1,5,5,5,5,5,92.35351089588377,0.004842615012106538,0.0,826,0.0,0.0,0.0,0.0
120,2018-10-23,24,1,3,5,5,5,5,384.5705741626794,0.005980861244019139,0.0,836,0.0,0.0,0.0,0.0
120,2018-10-24,24,1,3,5,5,5,5,430.8866604477612,0.0023320895522388058,0.0,2144,0.0,0.0,0.0,0.0
120,2018-10-25,26,1,5,5,5,5,5,89.37282229965157,0.0017421602787456446,0.0,1148,0.0,0.0,0.0,0.0
120,2018-10-26,26,1,5,5,5,5,5,106.25294601260619,0.0002740476842970677,0.0,7298,0.0,0.0,0.0,0.0
120,2018-10-27,26,1,5,5,5,5,5,62.583333333333336,0.0,0.0,132,0.0,0.0,0.0,0.0
120,2018-10-28,23,1,2,5,5,5,5,587.6137931034483,0.006896551724137931,0.0,145,0.0,0.0,0.0,0.0
120,2018-10-30,26,1,5,5,5,5,5,280.4102564102564,0.0,0.0,39,1.0,0.0,0.0,0.0
120,2018-11-01,26,1,5,5,5,5,5,76.4251247920133,0.0012479201331114808,0.0,2404,0.0,0.0,0.0,0.0
120,2018-11-03,23,1,2,5,5,5,5,507.02875695732837,0.0009276437847866419,0.0,1078,0.0,0.0,0.0,0.0
120,2018-11-05,26,1,5,5,5,5,5,193.729020979021,0.0017482517482517483,0.0,572,0.0,0.0,0.0,0.0
120,2018-11-07,26,1,5,5,5,5,5,173.3900548918308,0.0006457862447529867,0.0,3097,0.0,0.0,0.0,0.0
120,2018-11-09,24,1,3,5,5,5,5,456.8065843621399,0.0,0.0,243,0.0,0.0,0.0,0.0
120,2018-11-11,26,1,5,5,5,5,5,113.90625,0.0125,0.0,160,0.0,0.0,0.0,0.0
120,2018-11-13,22,1,1,5,5,5,5,843.0389972144847,0.0,0.0,1077,0.0,0.0,0.0,0.0
120,2018-11-15,24,1,3,5,5,5,5,357.5483870967742,0.0,0.0,31,0.0,0.0,0.0,0.0
120,2019-01-05,26,1,5,5,5,5,5,19.96614821591949,0.0,0.0,3279,0.0,0.0,0.0,0.0
120,2019-01-07,24,1,3,5,5,5,5,426.6755009696186,0.0,0.0,1547,0.0,0.0,0.0,0.0
120,2019-01-09,26,1,5,5,5,5,5,297.0816629547142,0.0014847809948032665,0.0,1347,0.0,0.0,0.0,0.0
120,2019-01-11,22,1,1,5,5,5,5,1066.5,0.0,0.0,8,0.0,0.0,0.0,0.0
121,2018-10-19,26,1,5,5,5,5,5,83.51400329489292,0.0005491488193300384,0.0,1821,0.0,0.0,0.0,0.0
121,2018-10-20,26,1,5,5,5,5,5,266.0,0.0008896797153024911,0.0,1124,1.0,0.0,0.0,0.0
121,2018-10-21,26,1,5,5,5,5,5,29.172295815422405,0.00017545398719185894,0.0,11399,0.0,0.0,0.0,0.0
121,2018-10-22,26,1,5,5,5,5,5,106.94943168638368,0.00046392948271862676,0.0,8622,1.0,0.0,0.0,0.0
121,2018-10-23,26,1,5,5,5,5,5,180.4237415477085,0.0003756574004507889,0.0,2662,0.0,0.0,0.0,0.0
121,2018-10-24,26,1,5,5,5,5,5,120.28964401294499,0.0005393743257820927,0.0,3708,0.0,0.0,0.0,0.0
121,2018-10-25,24,1,3,5,5,5,5,371.1380331753555,0.0008886255924170616,0.0,3376,0.0,0.0,0.0,0.0
121,2018-10-26,24,1,3,5,5,5,5,429.36136363636365,0.0015151515151515152,0.0,1320,0.0,0.0,0.0,0.0
121,2018-10-28,26,1,5,5,5,5,5,8.724977658623772,0.00044682752457551384,0.0,4476,0.0,0.0,0.0,0.0
121,2018-10-30,26,1,5,5,5,5,5,127.390625,0.0,0.0,128,1.0,0.0,0.0,0.0
121,2018-11-01,22,1,1,5,5,5,5,1055.5085574572126,0.0024449877750611247,0.0,409,0.0,0.0,0.0,0.0
121,2018-11-03,26,1,5,5,5,5,5,153.03836633663366,0.0024752475247524753,0.0,808,0.0,0.0,0.0,0.0
121,2018-11-05,26,1,5,5,5,5,5,11.064327485380117,0.0,0.0,171,0.0,0.0,0.0,0.0
121,2018-11-07,26,1,5,5,5,5,5,181.8125,0.041666666666666664,0.0,48,0.0,0.0,0.0,0.0
121,2018-11-09,22,1,1,5,5,5,5,1022.9520958083832,0.005988023952095809,0.0,334,0.0,0.0,0.0,0.0
121,2018-11-11,26,1,5,5,5,5,5,281.4955089820359,0.000249500998003992,0.0,4008,0.0,0.0,0.0,0.0
121,2018-11-13,26,1,5,5,5,5,5,295.5,0.0,0.0,12,0.0,0.0,0.0,0.0
121,2018-11-15,24,1,3,5,5,5,5,375.44198895027625,0.0,0.0,181,0.0,0.0,0.0,0.0
121,2019-01-05,26,1,5,5,5,5,5,194.125,0.0,0.0,24,0.0,0.0,0.0,0.0
121,2019-01-07,23,1,2,5,5,5,5,528.4435483870968,0.0,0.0,248,0.0,0.0,0.0,0.0
121,2019-01-09,26,1,5,5,5,5,5,110.49498997995993,0.004008016032064128,0.0,499,0.0,0.0,0.0,0.0
121,2019-01-11,26,1,5,5,5,5,5,299.668,0.0,0.0,250,0.0,0.0,0.0,0.0
122,2018-10-19,26,1,5,5,5,5,5,238.68999386126458,0.0,0.0,1629,0.0,0.0,0.0,0.0
122,2018-10-20,26,1,5,5,5,5,5,91.85683987274655,0.006362672322375398,0.0,943,0.0,0.0,0.0,0.0
122,2018-10-21,26,1,5,5,5,5,5,18.094259115593484,0.0002585983966899405,0.0,7734,1.0,0.0,0.0,0.0
122,2018-10-22,26,1,5,5,5,5,5,218.0024912805182,0.004982561036372696,0.0,2007,1.0,0.0,0.0,0.0
122,2018-10-23,24,1,3,5,5,5,5,387.0166512488437,0.0009250693802035153,0.0,1081,0.0,0.0,0.0,0.0
122,2018-10-24,26,1,5,5,5,5,5,96.92584269662922,0.006741573033707865,0.0,445,0.0,0.0,0.0,0.0
122,2018-10-25,24,1,3,5,5,5,5,318.1184041184041,0.002574002574002574,0.0,1554,0.0,0.0,0.0,0.0
122,2018-10-26,26,1,5,5,5,5,5,105.6361821086262,0.0027955271565495207,0.0,2504,0.0,0.0,0.0,0.0
122,2018-10-28,26,1,5,5,5,5,5,140.38650895140665,0.00031969309462915604,0.0,3128,3.0,0.0,0.0,0.0
122,2018-10-30,24,1,3,5,5,5,5,375.6986301369863,0.001141552511415525,0.0,876,0.0,0.0,0.0,0.0
122,2018-10-31,26,1,5,5,5,5,5,255.0,0.0,0.0,1,0.0,0.0,0.0,0.0
122,2018-11-01,26,1,5,5,5,5,5,95.71717171717172,0.0,0.0,99,0.0,0.0,0.0,0.0
122,2018-11-03,26,1,5,5,5,5,5,139.35742413713226,0.0,0.0,4317,0.0,0.0,0.0,0.0
122,2018-11-05,26,1,5,5,5,5,5,19.0,0.0,0.0,4,0.0,0.0,0.0,0.0
122,2018-11-07,26,1,5,5,5,5,5,33.71138461538462,0.0006153846153846154,0.0,1625,0.0,0.0,0.0,0.0
122,2018-11-09,24,1,3,5,5,5,5,327.7445887445887,0.004329004329004329,0.0,231,0.0,0.0,0.0,0.0
122,2018-11-11,26,1,5,5,5,5,5,161.22368421052633,0.0,0.0,76,0.0,0.0,0.0,0.0
122,2018-11-13,26,1,5,5,5,5,5,30.10308370044053,0.000881057268722467,0.0,1135,0.0,0.0,0.0,0.0
122,2018-11-15,26,1,5,5,5,5,5,192.22222222222223,0.0,0.0,9,0.0,0.0,0.0,0.0
122,2019-01-05,26,1,5,5,5,5,5,162.69230769230768,0.02564102564102564,0.0,39,0.0,0.0,0.0,0.0
122,2019-01-07,26,1,5,5,5,5,5,182.55555555555554,0.018518518518518517,0.0,108,0.0,0.0,0.0,0.0
122,2019-01-09,23,1,2,5,5,5,5,692.1044776119403,0.0,0.0,67,0.0,0.0,0.0,0.0
122,2019-01-11,26,1,5,5,5,5,5,29.0,0.0,0.0,6,0.0,0.0,0.0,0.0
301,2018-10-19,24,1,3,5,5,5,5,306.8026180698152,0.000513347022587269,0.0,3896,0.0,0.0,0.0,0.0
301,2018-10-20,26,1,5,5,5,5,5,106.7035175879397,0.003589375448671931,0.0,1393,0.0,0.0,0.0,0.0
301,2018-10-21,26,1,5,5,5,5,5,148.3222079589217,0.0006418485237483953,0.0,1558,1.0,0.0,0.0,0.0
301,2018-10-22,26,1,5,5,5,5,5,229.26892430278883,0.00199203187250996,0.0,1506,2.0,0.0,0.0,0.0
301,2018-10-23,23,1,2,5,5,5,5,762.8735362997658,0.00468384074941452,0.0,427,0.0,0.0,0.0,0.0
301,2018-10-24,26,1,5,5,5,5,5,65.48687012065295,0.0014194464158978,0.0,1409,0.0,0.0,0.0,0.0
301,2018-10-25,24,1,3,5,5,5,5,371.23972602739724,0.0,0.0,292,0.0,0.0,0.0,0.0
301,2018-10-26,26,1,5,5,5,5,5,107.74848484848485,0.006060606060606061,0.0,330,0.0,0.0,0.0,0.0
301,2018-10-28,24,1,3,5,5,5,5,421.0796963946869,0.003795066413662239,0.0,527,3.0,0.0,0.0,0.0
301,2018-10-30,26,1,5,5,5,5,5,76.19522776572668,0.0021691973969631237,0.0,1383,2.0,0.0,0.0,0.0
301,2018-11-01,24,1,3,5,5,5,5,304.68817204301075,0.005376344086021506,0.0,186,0.0,0.0,0.0,0.0
301,2018-11-03,26,1,5,5,5,5,5,149.3023560209424,0.0006544502617801048,0.0,1528,0.0,0.0,0.0,0.0
301,2018-11-05,26,1,5,5,5,5,5,280.18591549295775,0.0028169014084507044,0.0,355,0.0,0.0,0.0,0.0
301,2018-11-07,26,1,5,5,5,5,5,192.0,0.0,0.0,6,0.0,0.0,0.0,0.0
301,2018-11-09,26,1,5,5,5,5,5,130.5137614678899,0.0030581039755351682,0.0,327,0.0,0.0,0.0,0.0
301,2018-11-11,26,1,5,5,5,5,5,3.0,0.0,0.0,1,0.0,0.0,0.0,0.0
301,2018-11-13,26,1,5,5,5,5,5,245.3941798941799,0.0,0.0,378,0.0,0.0,0.0,0.0
301,2018-11-15,26,1,5,5,5,5,5,36.0,0.0,0.0,3,0.0,0.0,0.0,0.0
301,2019-01-05,22,1,1,5,5,5,5,962.75,0.0,0.0,4,0.0,0.0,0.0,0.0
301,2019-01-07,26,1,5,5,5,5,5,142.72485009993338,0.0006662225183211193,0.0,1501,0.0,0.0,0.0,0.0
301,2019-01-09,26,1,5,5,5,5,5,65.39097744360902,0.0,0.0,133,0.0,0.0,0.0,0.0
301,2019-01-11,26,1,5,5,5,5,5,239.18333333333334,0.0,0.0,60,0.0,0.0,0.0,0.0
302,2018-10-19,26,1,5,5,5,5,5,175.90613026819923,0.0006385696040868455,0.0,4698,0.0,0.0,0.0,0.0
302,2018-10-20,26,1,5,5,5,5,5,24.083642880417074,3.258390355164549e-05,0.0,30690,1.0,0.0,0.0,0.0
302,2018-10-21,26,1,5,5,5,5,5,123.66578715919086,0.0008795074758135445,0.0,1137,0.0,0.0,0.0,0.0
302,2018-10-22,26,1,5,5,5,5,5,34.578616711405566,0.0002855674224684448,0.0,17509,1.0,0.0,0.0,0.0
302,2018-10-23,26,1,5,5,5,5,5,117.67544030929042,0.00011715546530245635,0.0,25607,0.0,0.0,0.0,0.0
302,2018-10-24,26,1,5,5,5,5,5,40.57369959235926,1.263349391907826e-05,0.0,237464,0.0,0.0,0.0,0.0
302,2018-10-25,26,1,5,5,5,5,5,279.23669250646,0.0015503875968992248,0.0,1935,0.0,0.0,0.0,0.0
302,2018-10-26,26,1,5,5,5,5,5,164.17499691472295,0.00037023324694557573,0.0,8103,0.0,0.0,0.0,0.0
302,2018-10-28,26,1,5,5,5,5,5,34.801682077970355,0.00013939872682496168,0.0,21521,0.0,0.0,0.0,0.0
302,2018-10-30,26,1,5,5,5,5,5,232.61204164780443,0.0009053870529651426,0.0,4418,0.0,0.0,0.0,0.0
302,2018-11-01,26,1,5,5,5,5,5,93.97654723127036,0.0,0.0,1535,0.0,0.0,0.0,0.0
302,2018-11-03,26,1,5,5,5,5,5,85.07782672540382,0.0014684287812041115,0.0,681,0.0,0.0,0.0,0.0
302,2018-11-05,26,1,5,5,5,5,5,99.6259167643102,0.00021698563555092653,0.0,23043,0.0,0.0,0.0,0.0
302,2018-11-07,26,1,5,5,5,5,5,191.67993132006868,0.000201999798000202,0.0,9901,0.0,0.0,0.0,0.0
302,2018-11-09,26,1,5,5,5,5,5,131.84937238493723,0.0,0.0,239,0.0,0.0,0.0,0.0
302,2018-11-11,23,1,2,5,5,5,5,547.7727272727273,0.0,0.0,4378,0.0,0.0,0.0,0.0
302,2018-11-13,26,1,5,5,5,5,5,235.97542997543,0.0,0.0,407,0.0,0.0,0.0,0.0
302,2018-11-15,26,1,5,5,5,5,5,33.30681818181818,0.0,0.0,88,0.0,0.0,0.0,0.0
302,2019-01-05,26,1,5,5,5,5,5,245.7753623188406,0.0036231884057971015,0.0,276,0.0,0.0,0.0,0.0
302,2019-01-07,26,1,5,5,5,5,5,70.32758620689656,0.0024630541871921183,0.0,406,0.0,0.0,0.0,0.0
302,2019-01-09,26,1,5,5,5,5,5,83.39161738236051,0.00025713551041398817,0.0,15556,0.0,0.0,0.0,0.0
302,2019-01-11,26,1,5,5,5,5,5,66.08457711442786,0.0024875621890547263,0.0,402,1.0,0.0,0.0,0.0
303,2018-10-19,26,1,5,5,5,5,5,62.46722676354829,0.00045413260672116256,0.0,13212,0.0,0.0,0.0,0.0
303,2018-10-20,26,1,5,5,5,5,5,89.70889727091192,0.0013312624805857556,0.0,4507,1.0,0.0,0.0,0.0
303,2018-10-21,24,1,3,5,5,5,5,402.6611815875317,0.00014498006524102936,0.0,13795,0.0,0.0,0.0,0.0
303,2018-10-22,24,1,3,5,5,5,5,323.67147837187605,4.909903274905484e-05,0.0,20367,1.0,0.0,0.0,0.0
303,2018-10-23,26,1,5,5,5,5,5,65.04854586129754,0.00011185682326621924,0.0,8940,0.0,0.0,0.0,0.0
303,2018-10-24,23,1,2,5,5,5,5,513.7448840381992,0.0006821282401091405,0.0,1466,0.0,0.0,0.0,0.0
303,2018-10-25,26,1,5,5,5,5,5,181.93828828828828,0.00045045045045045046,0.0,2220,0.0,0.0,0.0,0.0
303,2018-10-26,23,1,2,5,5,5,5,539.0428943937419,0.0009126466753585397,0.0,7670,0.0,0.0,0.0,0.0
303,2018-10-28,26,1,5,5,5,5,5,286.6705314009662,0.0004830917874396135,0.0,2070,1.0,0.0,0.0,0.0
303,2018-10-30,26,1,5,5,5,5,5,24.04069062062529,0.00018665422305179653,0.0,10715,1.0,0.0,0.0,0.0
303,2018-11-01,26,1,5,5,5,5,5,124.34228416043509,0.0006798096532970768,0.0,2942,0.0,0.0,0.0,0.0
303,2018-11-03,23,1,2,5,5,5,5,559.8380199860562,0.00023239600278875203,0.0,4303,0.0,0.0,0.0,0.0
303,2018-11-05,26,1,5,5,5,5,5,25.662309048178614,0.0,0.0,13616,0.0,0.0,0.0,0.0
303,2018-11-07,23,1,2,5,5,5,5,775.0152224824355,0.001756440281030445,0.0,1708,0.0,0.0,0.0,0.0
303,2018-11-09,26,1,5,5,5,5,5,255.87958789439793,0.0019317450096587251,0.0,1553,0.0,0.0,0.0,0.0
303,2018-11-11,23,1,2,5,5,5,5,722.5366470092671,0.0,0.0,1187,0.0,0.0,0.0,0.0
303,2018-11-13,26,1,5,5,5,5,5,42.39916083916084,0.0,0.0,3575,0.0,0.0,0.0,0.0
303,2018-11-15,26,1,5,5,5,5,5,42.75,0.0,0.0,8,0.0,0.0,0.0,0.0
303,2018-11-17,24,1,3,5,5,5,5,418.0,0.0,0.0,3,0.0,0.0,0.0,0.0
303,2018-11-19,30,5,5,5,5,5,5,209.0,1.0,0.0,1,0.0,0.0,0.0,0.0
303,2019-01-05,23,1,2,5,5,5,5,781.2231404958678,0.0,0.0,121,0.0,0.0,0.0,0.0
303,2019-01-07,24,1,3,5,5,5,5,397.7760617760618,0.0,0.0,1036,0.0,0.0,0.0,0.0
303,2019-01-09,24,1,3,5,5,5,5,306.32018399776973,0.0005575689991636465,0.0,7174,0.0,0.0,0.0,0.0
303,2019-01-11,22,1,5,5,5,5,1,256.0,0.0,0.0,2,1.0,0.0,1.0,0.5
304,2018-10-19,26,1,5,5,5,5,5,88.16137229987294,0.0025412960609911056,0.0,1574,0.0,0.0,0.0,0.0
304,2018-10-20,26,1,5,5,5,5,5,64.32820512820513,0.0,0.0,1365,2.0,0.0,0.0,0.0
304,2018-10-21,26,1,5,5,5,5,5,28.009395475336877,0.0006181233774261342,0.0,8089,0.0,0.0,0.0,0.0
304,2018-10-22,23,1,2,5,5,5,5,520.5051720498205,0.00010555203715431708,0.0,9474,0.0,0.0,0.0,0.0
304,2018-10-23,26,1,5,5,5,5,5,250.69871794871796,0.00641025641025641,0.0,936,0.0,0.0,0.0,0.0
304,2018-10-24,26,1,5,5,5,5,5,114.22179703046073,0.00030613806826878924,0.0,6533,0.0,0.0,0.0,0.0
304,2018-10-25,26,1,5,5,5,5,5,117.88547008547009,0.002564102564102564,0.0,1170,0.0,0.0,0.0,0.0
304,2018-10-26,26,1,5,5,5,5,5,139.9608480905915,0.0003614022406938923,0.0,8301,0.0,0.0,0.0,0.0
304,2018-10-28,26,1,5,5,5,5,5,71.77560113154172,0.00014144271570014144,0.0,14140,1.0,0.0,0.0,0.0
304,2018-10-30,26,1,5,5,5,5,5,130.26364060314006,0.00077724234416291,0.0,6433,1.0,0.0,0.0,0.0
304,2018-11-01,23,1,2,5,5,5,5,666.3420074349442,0.0018587360594795538,0.0,538,0.0,0.0,0.0,0.0
304,2018-11-03,26,1,5,5,5,5,5,196.16260162601625,0.0032520325203252032,0.0,615,0.0,0.0,0.0,0.0
304,2018-11-05,23,1,2,5,5,5,5,665.1787878787878,0.0,0.0,330,0.0,0.0,0.0,0.0
304,2018-11-07,26,1,5,5,5,5,5,90.10364145658264,0.0,0.0,357,0.0,0.0,0.0,0.0
304,2018-11-09,26,1,5,5,5,5,5,39.24289405684755,0.0017226528854435831,0.0,1161,0.0,0.0,0.0,0.0
304,2018-11-11,22,1,1,5,5,5,5,2362.7323943661972,0.0,0.0,71,0.0,0.0,0.0,0.0
304,2018-11-13,26,1,5,5,5,5,5,21.783333333333335,0.0,0.0,60,0.0,0.0,0.0,0.0
304,2019-01-05,26,1,5,5,5,5,5,110.18497109826589,0.005780346820809248,0.0,173,0.0,0.0,0.0,0.0
304,2019-01-07,26,1,5,5,5,5,5,223.22820763956906,0.0009794319294809011,0.0,1021,0.0,0.0,0.0,0.0
304,2019-01-09,23,1,2,5,5,5,5,681.7931034482758,0.0,0.0,116,0.0,0.0,0.0,0.0
304,2019-01-11,26,1,5,5,5,5,5,282.4022988505747,0.0038314176245210726,0.0,261,0.0,0.0,0.0,0.0
305,2018-10-19,26,1,5,5,5,5,5,114.97594578971032,0.0,0.0,31138,0.0,0.0,0.0,0.0
305,2018-10-20,26,1,5,5,5,5,5,258.7044148775325,0.0003023888720895071,0.0,19842,0.0,0.0,0.0,0.0
305,2018-10-21,23,1,2,5,5,5,5,596.0331880657056,0.00033523298692591353,0.0,2983,0.0,0.0,0.0,0.0
305,2018-10-22,26,1,5,5,5,5,5,292.11301115241633,0.0022304832713754648,0.0,1345,0.0,0.0,0.0,0.0
305,2018-10-23,23,1,2,5,5,5,5,577.6302652106084,0.0001950078003120125,0.0,5128,0.0,0.0,0.0,0.0
305,2018-10-24,26,1,5,5,5,5,5,231.93801311016355,0.00012728314134792846,0.0,15713,0.0,0.0,0.0,0.0
305,2018-10-25,23,1,2,5,5,5,5,545.0614552605703,0.0004916420845624386,0.0,2034,0.0,0.0,0.0,0.0
305,2018-10-26,26,1,5,5,5,5,5,271.5949772710336,0.00037260600640882333,0.0,13419,0.0,0.0,0.0,0.0
305,2018-10-28,24,1,3,5,5,5,5,478.65053995680347,0.0012958963282937365,0.0,2315,0.0,0.0,0.0,0.0
305,2018-10-30,26,1,5,5,5,5,5,102.88521241830065,0.0012254901960784314,0.0,2448,1.0,0.0,0.0,0.0
305,2018-11-01,26,1,5,5,5,5,5,22.874668299652992,0.00020412329046744235,0.0,4899,0.0,0.0,0.0,0.0
305,2018-11-03,26,1,5,5,5,5,5,60.310905396251975,0.0004515692029803567,0.0,4429,0.0,0.0,0.0,0.0
305,2018-11-05,26,1,5,5,5,5,5,224.23919421083514,0.0001303865962579047,0.0,15339,0.0,0.0,0.0,0.0
305,2018-11-07,22,1,1,5,5,5,5,1029.0049019607843,0.00980392156862745,0.0,204,0.0,0.0,0.0,0.0
305,2018-11-09,24,1,3,5,5,5,5,318.25898078529656,0.001670843776106934,0.0,1197,0.0,0.0,0.0,0.0
305,2018-11-11,26,1,5,5,5,5,5,199.99297012302284,0.0017574692442882249,0.0,569,0.0,0.0,0.0,0.0
305,2019-01-05,26,1,5,5,5,5,5,105.20495185694635,0.0,0.0,727,0.0,0.0,0.0,0.0
305,2019-01-07,26,1,5,5,5,5,5,280.0304083405734,0.0,0.0,1151,0.0,0.0,0.0,0.0
305,2019-01-09,26,1,5,5,5,5,5,187.7511911064055,0.0005293806246691371,0.0,1889,0.0,0.0,0.0,0.0
305,2019-01-11,26,1,5,5,5,5,5,277.65617715617714,0.0,0.0,858,0.0,0.0,0.0,0.0
306,2018-10-19,26,1,5,5,5,5,5,149.59271523178808,0.016556291390728478,0.0,302,0.0,0.0,0.0,0.0
306,2018-10-20,26,1,5,5,5,5,5,164.87692307692308,0.015384615384615385,0.0,65,1.0,0.0,0.0,0.0
306,2018-10-21,26,1,5,5,5,5,5,161.10526315789474,0.0,0.0,95,1.0,0.0,0.0,0.0
306,2018-10-22,26,1,5,5,5,5,5,188.29710144927537,0.0,0.0,138,0.0,0.0,0.0,0.0
306,2018-10-23,26,1,5,5,5,5,5,292.2337164750958,0.0038314176245210726,0.0,261,0.0,0.0,0.0,0.0
306,2018-10-24,26,1,5,5,5,5,5,67.09454545454545,0.0036363636363636364,0.0,275,0.0,0.0,0.0,0.0
306,2018-10-25,26,1,5,5,5,5,5,20.984375,0.0,0.0,64,0.0,0.0,0.0,0.0
306,2018-10-26,26,1,5,5,5,5,5,113.07042253521126,0.014084507042253521,0.0,71,0.0,0.0,0.0,0.0
306,2018-10-28,26,1,5,5,5,5,5,216.65671641791045,0.007462686567164179,0.0,134,0.0,0.0,0.0,0.0
306,2018-10-30,26,1,5,5,5,5,5,120.23398328690807,0.002785515320334262,0.0,359,0.0,0.0,0.0,0.0
306,2018-11-01,26,1,5,5,5,5,5,128.33333333333334,0.0,0.0,3,0.0,0.0,0.0,0.0
306,2018-11-03,26,1,5,5,5,5,5,247.03571428571428,0.03571428571428571,0.0,28,0.0,0.0,0.0,0.0
306,2018-11-05,26,1,5,5,5,5,5,40.80952380952381,0.0,0.0,210,0.0,0.0,0.0,0.0
306,2018-11-07,24,1,3,5,5,5,5,478.8636363636364,0.0,0.0,44,0.0,0.0,0.0,0.0
306,2018-11-09,24,1,3,5,5,5,5,335.2,0.0,0.0,5,0.0,0.0,0.0,0.0
306,2018-11-11,26,1,5,5,5,5,5,4.5,0.0,0.0,46,0.0,0.0,0.0,0.0
306,2018-11-13,26,1,5,5,5,5,5,7.545454545454546,0.0,0.0,11,0.0,0.0,0.0,0.0
306,2018-11-15,26,1,5,5,5,5,5,121.0,0.0,0.0,3,0.0,0.0,0.0,0.0
306,2018-11-19,26,1,5,5,5,5,5,199.0,0.0,0.0,1,0.0,0.0,0.0,0.0
306,2019-01-05,26,1,5,5,5,5,5,8.454545454545455,0.0,0.0,55,0.0,0.0,0.0,0.0
306,2019-01-07,26,1,5,5,5,5,5,13.236453201970443,0.0049261083743842365,0.0,203,0.0,0.0,0.0,0.0
306,2019-01-09,26,1,5,5,5,5,5,9.0,0.0,0.0,1,0.0,0.0,0.0,0.0
306,2019-01-11,22,1,1,5,5,5,5,1655.0,0.0,0.0,1,0.0,0.0,0.0,0.0
307,2018-10-19,26,1,5,5,5,5,5,99.3076923076923,0.0,0.0,13,0.0,0.0,0.0,0.0
307,2018-10-20,26,1,5,5,5,5,5,141.85714285714286,0.0015527950310559005,0.0,644,0.0,0.0,0.0,0.0
307,2018-10-21,23,1,2,5,5,5,5,501.5917602996255,0.003745318352059925,0.0,534,0.0,0.0,0.0,0.0
307,2018-10-22,26,1,5,5,5,5,5,266.9642857142857,0.002857142857142857,0.0,700,0.0,0.0,0.0,0.0
307,2018-10-23,26,1,5,5,5,5,5,83.02645502645503,0.013227513227513227,0.0,378,0.0,0.0,0.0,0.0
307,2018-10-24,26,1,5,5,5,5,5,48.88,0.04,0.0,25,0.0,0.0,0.0,0.0
307,2018-10-25,26,1,5,5,5,5,5,24.049261083743843,0.0,0.0,203,0.0,0.0,0.0,0.0
307,2018-10-26,26,1,5,5,5,5,5,83.72357723577235,0.008130081300813009,0.0,123,0.0,0.0,0.0,0.0
307,2018-10-28,23,1,2,5,5,5,5,550.9833333333333,0.016666666666666666,0.0,60,0.0,0.0,0.0,0.0
307,2018-10-30,24,1,3,5,5,5,5,319.9156327543424,0.007444168734491315,0.0,403,0.0,0.0,0.0,0.0
307,2018-11-01,26,1,5,5,5,5,5,83.79629629629629,0.0,0.0,54,0.0,0.0,0.0,0.0
307,2018-11-03,23,1,2,5,5,5,5,587.0325203252032,0.005420054200542005,0.0,369,0.0,0.0,0.0,0.0
307,2018-11-05,22,1,1,5,5,5,5,862.8275862068965,0.0,0.0,87,0.0,0.0,0.0,0.0
307,2018-11-07,26,1,5,5,5,5,5,22.632367632367632,0.00024975024975024975,0.0,4004,0.0,0.0,0.0,0.0
307,2018-11-09,26,1,5,5,5,5,5,33.04,0.04,0.0,25,0.0,0.0,0.0,0.0
307,2018-11-11,26,1,5,5,5,5,5,6.0,0.0,0.0,1,0.0,0.0,0.0,0.0
307,2019-01-05,24,1,3,5,5,5,5,443.625,0.015625,0.0,64,0.0,0.0,0.0,0.0
307,2019-01-07,30,5,5,5,5,5,5,220.0,1.0,0.0,1,0.0,0.0,0.0,0.0
307,2019-01-09,26,1,5,5,5,5,5,188.2178517397882,0.00037821482602118004,0.0,2644,0.0,0.0,0.0,0.0
307,2019-01-11,26,1,5,5,5,5,5,202.72727272727272,0.09090909090909091,0.0,11,0.0,0.0,0.0,0.0
308,2018-10-19,26,1,5,5,5,5,5,172.24970691676435,0.0035169988276670576,0.0,1706,0.0,0.0,0.0,0.0
308,2018-10-20,26,1,5,5,5,5,5,84.65928398058253,0.0009101941747572816,0.0,3296,0.0,0.0,0.0,0.0
308,2018-10-21,26,1,5,5,5,5,5,90.74488403819917,0.0006063362134303471,0.0,6597,0.0,0.0,0.0,0.0
308,2018-10-22,24,1,3,5,5,5,5,316.92657342657344,0.0,0.0,286,1.0,0.0,0.0,0.0
308,2018-10-23,26,1,5,5,5,5,5,44.82111284451378,0.0005200208008320333,0.0,5769,0.0,0.0,0.0,0.0
308,2018-10-24,26,1,5,5,5,5,5,116.69446922390722,0.00044603033006244426,0.0,2242,0.0,0.0,0.0,0.0
308,2018-10-25,26,1,5,5,5,5,5,107.88321167883211,0.021897810218978103,0.0,137,0.0,0.0,0.0,0.0
308,2018-10-26,26,1,5,5,5,5,5,87.01548179341094,0.0003715630418627694,0.0,8074,0.0,0.0,0.0,0.0
308,2018-10-28,26,1,5,5,5,5,5,93.62301587301587,0.000992063492063492,0.0,1008,0.0,0.0,0.0,0.0
308,2018-10-30,26,1,5,5,5,5,5,19.024655670804286,0.0003400782179901377,0.0,5881,0.0,0.0,0.0,0.0
308,2018-11-01,24,1,3,5,5,5,5,353.7439692982456,0.0005482456140350877,0.0,1824,0.0,0.0,0.0,0.0
308,2018-11-03,24,1,3,5,5,5,5,351.8591065292096,0.006872852233676976,0.0,291,0.0,0.0,0.0,0.0
308,2018-11-05,26,1,5,5,5,5,5,47.65400683630839,0.00037979491074819596,0.0,2633,0.0,0.0,0.0,0.0
308,2018-11-07,26,1,5,5,5,5,5,56.53763440860215,0.0,0.0,744,0.0,0.0,0.0,0.0
308,2018-11-09,26,1,5,5,5,5,5,188.65,0.005,0.0,200,0.0,0.0,0.0,0.0
308,2018-11-13,26,1,5,5,5,5,5,23.203703703703702,0.0,0.0,54,0.0,0.0,0.0,0.0
308,2019-01-05,26,1,5,5,5,5,5,179.41714836223505,0.0009633911368015414,0.0,1038,0.0,0.0,0.0,0.0
308,2019-01-07,26,1,5,5,5,5,5,270.2631215469613,0.0006906077348066298,0.0,1448,0.0,0.0,0.0,0.0
308,2019-01-09,26,1,5,5,5,5,5,122.5273631840796,0.004975124378109453,0.0,201,0.0,0.0,0.0,0.0
308,2019-01-11,24,1,3,5,5,5,5,368.1666666666667,0.0,0.0,90,0.0,0.0,0.0,0.0
308,2019-03-20,26,1,5,5,5,5,5,125.28571428571429,0.0,0.0,7,0.0,0.0,0.0,0.0
309,2018-10-19,26,1,5,5,5,5,5,167.2737341772152,0.001740506329113924,0.0,6320,0.0,0.0,0.0,0.0
309,2018-10-20,26,1,5,5,5,5,5,246.76845398947518,0.0002844545583842981,0.0,14062,1.0,0.0,0.0,0.0
309,2018-10-21,26,1,5,5,5,5,5,80.741519350215,0.0019111323459149545,0.0,2093,1.0,0.0,0.0,0.0
309,2018-10-22,26,1,5,5,5,5,5,60.44357818837314,0.0003605227579990987,0.0,22190,2.0,0.0,0.0,0.0
309,2018-10-23,24,1,3,5,5,5,5,498.8001050696086,0.0005253480430785396,0.0,3807,0.0,0.0,0.0,0.0
309,2018-10-24,26,1,5,5,5,5,5,120.40267545560295,0.0009693679720822024,0.0,5158,0.0,0.0,0.0,0.0
309,2018-10-25,24,1,3,5,5,5,5,331.81383052734105,0.0004174203422846807,0.0,7187,0.0,0.0,0.0,0.0
309,2018-10-26,26,1,5,5,5,5,5,61.817621980104214,0.0009474182851729038,0.0,2111,0.0,0.0,0.0,0.0
309,2018-10-28,26,1,5,5,5,5,5,88.85339506172839,0.005401234567901234,0.0,1296,1.0,0.0,0.0,0.0
309,2018-10-30,26,1,5,5,5,5,5,39.984520950093405,0.00010675206832132372,0.0,18735,1.0,0.0,0.0,0.0
309,2018-11-01,26,1,5,5,5,5,5,61.898961937716265,0.0006920415224913495,0.0,1445,0.0,0.0,0.0,0.0
309,2018-11-03,24,1,3,5,5,5,5,394.8277858176556,0.001447178002894356,0.0,1382,0.0,0.0,0.0,0.0
309,2018-11-05,24,1,3,5,5,5,5,486.75165562913907,0.0011037527593818985,0.0,1812,0.0,0.0,0.0,0.0
309,2018-11-07,26,1,5,5,5,5,5,100.82556131260795,0.0017271157167530224,0.0,579,0.0,0.0,0.0,0.0
309,2018-11-09,26,1,5,5,5,5,5,223.60222121486854,0.0005666364460562103,0.0,8824,0.0,0.0,0.0,0.0
309,2018-11-11,26,1,5,5,5,5,5,18.4804396843292,5.636978579481398e-05,0.0,17740,0.0,0.0,0.0,0.0
309,2018-11-13,26,1,5,5,5,5,5,231.77018633540374,0.0012422360248447205,0.0,805,0.0,0.0,0.0,0.0
309,2018-11-15,26,1,5,5,5,5,5,70.83333333333333,0.0,0.0,6,0.0,0.0,0.0,0.0
309,2018-11-17,26,1,5,5,5,5,5,110.23529411764706,0.0,0.0,34,0.0,0.0,0.0,0.0
309,2018-11-19,24,1,3,5,5,5,5,325.0,0.0,0.0,1,0.0,0.0,0.0,0.0
309,2019-01-05,26,1,5,5,5,5,5,231.4621686746988,0.0009638554216867469,0.0,2075,0.0,0.0,0.0,0.0
309,2019-01-07,24,1,3,5,5,5,5,320.33375474083437,0.008849557522123894,0.0,791,0.0,0.0,0.0,0.0
309,2019-01-09,26,1,5,5,5,5,5,250.86725663716814,0.0,0.0,113,0.0,0.0,0.0,0.0
309,2019-01-11,24,1,3,5,5,5,5,363.7335680751174,0.0035211267605633804,0.0,852,0.0,0.0,0.0,0.0
310,2018-10-20,26,1,5,5,5,5,5,197.84615384615384,0.0,0.0,13,0.0,0.0,0.0,0.0
310,2018-10-23,26,1,5,5,5,5,5,12.666666666666666,0.0,0.0,3,0.0,0.0,0.0,0.0
310,2018-10-25,26,1,5,5,5,5,5,223.5,0.0,0.0,2,0.0,0.0,0.0,0.0
310,2018-11-09,26,1,5,5,5,5,5,81.0,0.0,0.0,1,0.0,0.0,0.0,0.0
501,2018-10-19,26,1,5,5,5,5,5,85.94871794871794,0.002849002849002849,0.0,351,0.0,0.0,0.0,0.0
501,2018-10-20,26,1,5,5,5,5,5,84.53075170842824,0.004555808656036446,0.0,439,0.0,0.0,0.0,0.0
501,2018-10-21,26,1,5,5,5,5,5,42.76637554585153,0.000727802037845706,0.0,1374,0.0,0.0,0.0,0.0
501,2018-10-22,26,1,5,5,5,5,5,66.32732732732732,0.0,0.0,333,0.0,0.0,0.0,0.0
501,2018-10-23,24,1,3,5,5,5,5,334.3764845605701,0.0005938242280285036,0.0,1684,0.0,0.0,0.0,0.0
501,2018-10-24,23,1,2,5,5,5,5,556.0504201680673,0.01680672268907563,0.0,119,0.0,0.0,0.0,0.0
501,2018-10-25,26,1,5,5,5,5,5,23.076756756756758,0.0,0.0,925,0.0,0.0,0.0,0.0
501,2018-10-26,26,1,5,5,5,5,5,66.00133333333333,0.0013333333333333333,0.0,750,0.0,0.0,0.0,0.0
501,2018-10-28,26,1,5,5,5,5,5,135.79537366548044,0.0035587188612099642,0.0,562,2.0,0.0,0.0,0.0
501,2018-10-30,26,1,5,5,5,5,5,140.14871794871794,0.0,0.0,195,3.0,0.0,0.0,0.0
501,2018-11-01,24,1,3,5,5,5,5,380.44615384615383,0.0,0.0,65,0.0,0.0,0.0,0.0
501,2018-11-03,26,1,5,5,5,5,5,90.53333333333333,0.0,0.0,15,0.0,0.0,0.0,0.0
501,2018-11-05,26,1,5,5,5,5,5,13.797829036635006,0.0013568521031207597,0.0,737,0.0,0.0,0.0,0.0
501,2018-11-07,26,1,5,5,5,5,5,155.76331360946745,0.005917159763313609,0.0,169,0.0,0.0,0.0,0.0
501,2018-11-09,23,1,2,5,5,5,5,548.2857142857143,0.0,0.0,14,0.0,0.0,0.0,0.0
501,2018-11-11,26,1,5,5,5,5,5,44.2,0.0,0.0,15,0.0,0.0,0.0,0.0
501,2018-11-13,26,1,5,5,5,5,5,43.55555555555556,0.0,0.0,9,0.0,0.0,0.0,0.0
501,2018-11-15,26,1,5,5,5,5,5,7.5,0.0,0.0,4,0.0,0.0,0.0,0.0
501,2018-11-19,26,1,5,5,5,5,5,41.640926640926644,0.0,0.0,777,0.0,0.0,0.0,0.0
501,2019-01-05,26,1,5,5,5,5,5,83.31818181818181,0.0,0.0,44,0.0,0.0,0.0,0.0
501,2019-01-07,23,1,2,5,5,5,5,559.3521126760563,0.0,0.0,71,0.0,0.0,0.0,0.0
501,2019-01-09,26,1,5,5,5,5,5,268.8048780487805,0.024390243902439025,0.0,41,0.0,0.0,0.0,0.0
501,2019-01-11,26,1,5,5,5,5,5,102.1534090909091,0.0,0.0,528,1.0,0.0,0.0,0.0
601,2018-10-19,26,1,5,5,5,5,5,195.6892109500805,0.001610305958132045,0.0,1863,0.0,0.0,0.0,0.0
601,2018-10-20,26,1,5,5,5,5,5,233.7656153370439,0.0012368583797155227,0.0,1617,0.0,0.0,0.0,0.0
601,2018-10-21,26,1,5,5,5,5,5,77.94736842105263,0.005847953216374269,0.0,171,0.0,0.0,0.0,0.0
601,2018-10-22,23,1,2,5,5,5,5,583.0299295774648,0.00528169014084507,0.0,568,0.0,0.0,0.0,0.0
601,2018-10-23,26,1,5,5,5,5,5,203.04246284501062,0.0021231422505307855,0.0,471,0.0,0.0,0.0,0.0
601,2018-10-24,24,1,3,5,5,5,5,357.15384615384613,0.15384615384615385,0.0,13,0.0,0.0,0.0,0.0
601,2018-10-25,26,1,5,5,5,5,5,63.685755189692195,0.0021474588403722263,0.0,1397,0.0,0.0,0.0,0.0
601,2018-10-26,23,1,2,5,5,5,5,541.7715517241379,0.0,0.0,232,0.0,0.0,0.0,0.0
601,2018-10-28,24,1,3,5,5,5,5,370.4297520661157,0.0023612750885478157,0.0,847,0.0,0.0,0.0,0.0
601,2018-10-30,24,1,3,5,5,5,5,383.1528384279476,0.008733624454148471,0.0,229,1.0,0.0,0.0,0.0
601,2018-11-01,26,1,5,5,5,5,5,174.1304347826087,0.043478260869565216,0.0,46,0.0,0.0,0.0,0.0
601,2018-11-03,26,1,5,5,5,5,5,185.0,0.0,0.0,3,0.0,0.0,0.0,0.0
601,2018-11-05,27,2,5,5,5,5,5,246.0,0.2,0.0,5,0.0,0.0,0.0,0.0
601,2018-11-07,26,1,5,5,5,5,5,151.4958158995816,0.0,0.0,478,0.0,0.0,0.0,0.0
601,2018-11-09,26,1,5,5,5,5,5,132.00203804347825,0.0020380434782608695,0.0,1472,0.0,0.0,0.0,0.0
601,2018-11-11,26,1,5,5,5,5,5,16.12097042206713,0.0,0.0,3009,0.0,0.0,0.0,0.0
601,2018-11-13,26,1,5,5,5,5,5,38.65,0.0,0.0,20,0.0,0.0,0.0,0.0
601,2019-01-05,23,1,2,5,5,5,5,752.6279069767442,0.0,0.0,129,0.0,0.0,0.0,0.0
601,2019-01-07,26,1,5,5,5,5,5,204.15887850467288,0.0,0.0,107,0.0,0.0,0.0,0.0
601,2019-01-09,26,1,5,5,5,5,5,54.49264705882353,0.003676470588235294,0.0,272,0.0,0.0,0.0,0.0
601,2019-01-11,26,1,5,5,5,5,5,32.921171171171174,0.0,0.0,444,1.0,0.0,0.0,0.0
801,2018-10-19,22,1,1,5,5,5,5,829.278600269179,0.004037685060565276,0.0,743,0.0,0.0,0.0,0.0
801,2018-10-20,26,1,5,5,5,5,5,40.1786771964462,0.0,0.0,1013,0.0,0.0,0.0,0.0
801,2018-10-21,23,1,2,5,5,5,5,636.7149253731343,0.0029850746268656717,0.0,1340,0.0,0.0,0.0,0.0
801,2018-10-22,26,1,5,5,5,5,5,185.24438902743142,0.007481296758104738,0.0,401,0.0,0.0,0.0,0.0
801,2018-10-23,26,1,5,5,5,5,5,283.8627450980392,0.008912655971479501,0.0,561,0.0,0.0,0.0,0.0
801,2018-10-24,26,1,5,5,5,5,5,174.0798767967146,0.0008213552361396304,0.0,4870,0.0,0.0,0.0,0.0
801,2018-10-25,26,1,5,5,5,5,5,224.86780054116738,0.0015461925009663702,0.0,2587,0.0,0.0,0.0,0.0
801,2018-10-26,23,1,2,5,5,5,5,578.3382687927107,0.0011389521640091116,0.0,878,0.0,0.0,0.0,0.0
801,2018-10-28,26,1,5,5,5,5,5,168.71596474045054,0.0009794319294809011,0.0,1021,0.0,0.0,0.0,0.0
801,2018-10-30,23,1,2,5,5,5,5,500.1451731761238,0.0007369196757553427,0.0,1357,2.0,0.0,0.0,0.0
801,2018-11-01,26,1,5,5,5,5,5,117.76727702303603,0.0017720023626698169,0.0,1693,0.0,0.0,0.0,0.0
801,2018-11-03,26,1,5,5,5,5,5,145.5,0.0,0.0,92,0.0,0.0,0.0,0.0
801,2018-11-05,26,1,5,5,5,5,5,90.8382000957396,0.0009573958831977022,0.0,2089,0.0,0.0,0.0,0.0
801,2018-11-07,26,1,5,5,5,5,5,222.35986547085201,0.002242152466367713,0.0,892,0.0,0.0,0.0,0.0
801,2018-11-09,26,1,5,5,5,5,5,74.7421052631579,0.0,0.0,190,0.0,0.0,0.0,0.0
801,2018-11-11,28,5,3,5,5,5,5,372.0,1.0,0.0,1,0.0,0.0,0.0,0.0
801,2018-11-13,23,1,2,5,5,5,5,684.8181818181819,0.0,0.0,22,0.0,0.0,0.0,0.0
801,2018-11-15,26,1,5,5,5,5,5,272.5,0.0,0.0,14,0.0,0.0,0.0,0.0
801,2018-11-19,26,1,5,5,5,5,5,29.62877583465819,0.0,0.0,2516,0.0,0.0,0.0,0.0
801,2019-01-05,26,1,5,5,5,5,5,59.493975903614455,0.0015060240963855422,0.0,664,0.0,0.0,0.0,0.0
801,2019-01-07,26,1,5,5,5,5,5,39.435215946843854,0.0033222591362126247,0.0,301,0.0,0.0,0.0,0.0
801,2019-01-09,26,1,5,5,5,5,5,216.12970711297072,0.0041841004184100415,0.0,239,0.0,0.0,0.0,0.0
901,2018-10-19,26,1,5,5,5,5,5,119.27556961445009,4.584422133590061e-05,0.0,21813,0.0,0.0,0.0,0.0
901,2018-10-20,26,1,5,5,5,5,5,115.39262681242282,0.00018295750811873942,0.0,21863,0.0,0.0,0.0,0.0
901,2018-10-21,26,1,5,5,5,5,5,208.89411728734788,3.057542958478566e-05,0.0,32706,0.0,0.0,0.0,0.0
901,2018-10-22,26,1,5,5,5,5,5,59.12090105503279,0.0005702879954376961,0.0,3507,0.0,0.0,0.0,0.0
901,2018-10-23,26,1,5,5,5,5,5,173.5577497726387,0.00017322766445801395,0.0,23091,0.0,0.0,0.0,0.0
901,2018-10-24,24,1,3,5,5,5,5,329.8660822898032,3.5778175313059034e-05,0.0,27950,0.0,0.0,0.0,0.0
901,2018-10-25,26,1,5,5,5,5,5,252.30460189919648,0.002191380569758948,0.0,1369,0.0,0.0,0.0,0.0
901,2018-10-26,26,1,5,5,5,5,5,243.5477272727273,0.0,0.0,440,0.0,0.0,0.0,0.0
901,2018-10-28,26,1,5,5,5,5,5,67.15617455896007,0.00018570102135561745,0.0,5385,3.0,0.0,0.0,0.0
901,2018-10-30,23,1,2,5,5,5,5,628.1902299632603,0.0,0.0,7349,0.0,0.0,0.0,0.0
901,2018-11-01,24,1,3,5,5,5,5,494.3427589852009,0.0,0.0,3784,0.0,0.0,0.0,0.0
901,2018-11-03,26,1,5,5,5,5,5,113.68821292775665,0.0,0.0,526,0.0,0.0,0.0,0.0
901,2018-11-05,23,1,2,5,5,5,5,609.5776867709109,0.0,0.0,8058,0.0,0.0,0.0,0.0
901,2018-11-07,26,1,5,5,5,5,5,59.95555849480854,6.613319224918987e-05,0.0,15121,0.0,0.0,0.0,0.0
901,2018-11-09,26,1,5,5,5,5,5,276.86013150029885,0.0,0.0,1673,0.0,0.0,0.0,0.0
901,2018-11-11,26,1,5,5,5,5,5,68.98245614035088,0.005847953216374269,0.0,171,0.0,0.0,0.0,0.0
901,2018-11-13,26,1,5,5,5,5,5,33.73972602739726,0.003424657534246575,0.0,292,0.0,0.0,0.0,0.0
901,2018-11-15,26,1,5,5,5,5,5,60.18181818181818,0.003952569169960474,0.0,253,0.0,0.0,0.0,0.0
901,2019-01-05,26,1,5,5,5,5,5,126.31536912285576,0.00020834780193068963,0.0,14399,0.0,0.0,0.0,0.0
901,2019-01-07,26,1,5,5,5,5,5,124.20152614460845,0.00012509382036527395,0.0,7994,0.0,0.0,0.0,0.0
901,2019-01-09,24,1,3,5,5,5,5,444.2168874172185,0.0016556291390728477,0.0,604,0.0,0.0,0.0,0.0
901,2019-01-11,24,1,3,5,5,5,5,331.01170710940823,0.00014190435646374344,0.0,14094,1.0,0.0,0.0,0.0
902,2018-10-19,26,1,5,5,5,5,5,268.1167190405951,0.00044891938690438016,0.0,15593,0.0,0.0,0.0,0.0
902,2018-10-20,26,1,5,5,5,5,5,181.6156510361548,7.6966000269381e-05,0.0,51971,0.0,0.0,0.0,0.0
902,2018-10-21,26,1,5,5,5,5,5,25.3195150404133,8.332638946754438e-05,0.0,48004,2.0,0.0,0.0,0.0
902,2018-10-22,26,1,5,5,5,5,5,255.007823355858,5.7104787284667364e-05,0.0,52535,1.0,0.0,0.0,0.0
902,2018-10-23,26,1,5,5,5,5,5,88.4810319884263,0.00040186465198521136,0.0,12442,0.0,0.0,0.0,0.0
902,2018-10-24,26,1,5,5,5,5,5,107.23412184057032,0.0009721322099805574,0.0,6172,0.0,0.0,0.0,0.0
902,2018-10-25,23,1,2,5,5,5,5,522.4579245888774,0.0001426889737095566,0.0,28033,0.0,0.0,0.0,0.0
902,2018-10-26,26,1,5,5,5,5,5,151.16778149386846,0.001254180602006689,0.0,7176,0.0,0.0,0.0,0.0
902,2018-10-28,26,1,5,5,5,5,5,44.324545667264644,7.799703611262772e-05,0.0,25642,1.0,0.0,0.0,0.0
902,2018-10-30,26,1,5,5,5,5,5,108.90243902439025,0.0003048780487804878,0.0,3280,1.0,0.0,0.0,0.0
902,2018-11-01,26,1,5,5,5,5,5,148.1603738317757,0.00012461059190031152,0.0,16050,0.0,0.0,0.0,0.0
902,2018-11-03,26,1,5,5,5,5,5,243.21350762527234,0.0007262164124909223,0.0,1377,0.0,0.0,0.0,0.0
902,2018-11-05,26,1,5,5,5,5,5,111.46190476190476,0.002380952380952381,0.0,420,0.0,0.0,0.0,0.0
902,2018-11-07,23,1,2,5,5,5,5,580.4128787878788,0.003787878787878788,0.0,264,0.0,0.0,0.0,0.0
902,2018-11-09,24,1,3,5,5,5,5,325.45828933474127,0.0,0.0,17046,0.0,0.0,0.0,0.0
902,2018-11-11,24,1,3,5,5,5,5,311.0562310030395,0.00303951367781155,0.0,658,0.0,0.0,0.0,0.0
902,2018-11-13,26,1,5,5,5,5,5,5.348030018761726,0.0,0.0,1066,0.0,0.0,0.0,0.0
902,2018-11-15,26,1,5,5,5,5,5,247.82687149475737,0.0,0.0,16404,0.0,0.0,0.0,0.0
902,2018-11-17,26,1,5,5,5,5,5,5.944444444444445,0.0,0.0,36,0.0,0.0,0.0,0.0
902,2019-01-05,26,1,5,5,5,5,5,80.2532637075718,0.0013054830287206266,0.0,766,0.0,0.0,0.0,0.0
902,2019-01-07,24,1,3,5,5,5,5,342.0080808080808,0.00404040404040404,0.0,495,0.0,0.0,0.0,0.0
902,2019-01-09,26,1,5,5,5,5,5,160.8411736921917,8.28644586050597e-06,0.0,120679,0.0,0.0,2.0,1.657289172101194e-05
902,2019-01-11,26,1,5,5,5,5,5,56.282636518771334,8.532423208191126e-05,0.0,23440,0.0,0.0,0.0,0.0
903,2018-10-19,26,1,5,5,5,5,5,201.16486574983628,0.0008185985592665357,0.0,6108,0.0,0.0,0.0,0.0
903,2018-10-20,26,1,5,5,5,5,5,207.17516764885187,0.000812842918106076,0.0,9842,0.0,0.0,0.0,0.0
903,2018-10-21,24,1,3,5,5,5,5,468.8276268192143,0.0003365020610751241,0.0,11887,0.0,0.0,0.0,0.0
903,2018-10-22,26,1,5,5,5,5,5,200.16191261335533,0.0006595218466611707,0.0,6065,0.0,0.0,0.0,0.0
903,2018-10-23,24,1,3,5,5,5,5,336.61035653650254,0.00042444821731748726,0.0,2356,0.0,0.0,0.0,0.0
903,2018-10-24,26,1,5,5,5,5,5,69.7281179328252,0.00016751821760616466,0.0,11939,0.0,0.0,0.0,0.0
903,2018-10-25,24,1,3,5,5,5,5,333.3097064268712,0.0007934408886537953,0.0,3781,0.0,0.0,0.0,0.0
903,2018-10-26,24,1,3,5,5,5,5,412.0721314607815,0.0004776917932549919,0.0,10467,0.0,0.0,0.0,0.0
903,2018-10-28,24,1,3,5,5,5,5,396.3872734934682,0.00042140750105351877,0.0,2373,0.0,0.0,0.0,0.0
903,2018-10-30,23,1,2,5,5,5,5,697.2448377581121,0.0007374631268436578,0.0,1356,2.0,0.0,0.0,0.0
903,2018-10-31,23,1,2,5,5,5,5,795.0,0.0,0.0,3,0.0,0.0,0.0,0.0
903,2018-11-01,24,1,3,5,5,5,5,443.4336989032901,0.0,0.0,3009,0.0,0.0,0.0,0.0
903,2018-11-03,26,1,5,5,5,5,5,105.88775510204081,0.0,0.0,4116,0.0,0.0,0.0,0.0
903,2018-11-05,23,1,2,5,5,5,5,523.1634615384615,0.009615384615384616,0.0,104,0.0,0.0,0.0,0.0
903,2018-11-07,26,1,5,5,5,5,5,170.66350710900474,0.002369668246445498,0.0,422,0.0,0.0,0.0,0.0
903,2018-11-09,26,1,5,5,5,5,5,210.83413147583806,0.00043535045711797995,0.0,4594,0.0,0.0,0.0,0.0
903,2018-11-11,26,1,5,5,5,5,5,130.85953177257525,0.0016722408026755853,0.0,598,0.0,0.0,0.0,0.0
903,2018-11-13,26,1,5,5,5,5,5,271.2546374367622,0.0016863406408094434,0.0,593,0.0,0.0,0.0,0.0
903,2018-11-15,26,1,5,5,5,5,5,62.67921924290221,0.0,0.0,5072,0.0,0.0,0.0,0.0
903,2018-11-17,26,1,5,5,5,5,5,294.15,0.0,0.0,20,0.0,0.0,0.0,0.0
903,2019-01-05,26,1,5,5,5,5,5,273.240675990676,0.0011655011655011655,0.0,1716,0.0,0.0,0.0,0.0
903,2019-01-07,26,1,5,5,5,5,5,292.8581449727202,0.0,0.0,1283,0.0,0.0,0.0,0.0
903,2019-01-09,26,1,5,5,5,5,5,122.7259158751696,0.0,0.0,737,0.0,0.0,0.0,0.0
903,2019-01-11,26,1,5,5,5,5,5,172.49039640375972,0.0004086636697997548,0.0,2447,1.0,0.0,0.0,0.0
903,2019-03-12,22,1,1,5,5,5,5,2368.0,0.0,0.0,1,0.0,0.0,0.0,0.0
904,2018-10-19,24,1,3,5,5,5,5,368.64285714285717,0.01020408163265306,0.0,98,0.0,0.0,0.0,0.0
904,2018-10-20,26,1,5,5,5,5,5,67.67867002024416,0.0001840377890926937,0.0,16301,0.0,0.0,0.0,0.0
904,2018-10-21,24,1,3,5,5,5,5,346.0557862237837,0.00021292451825827744,0.0,18786,1.0,0.0,0.0,0.0
904,2018-10-22,26,1,5,5,5,5,5,64.82217973231357,0.0019120458891013384,0.0,523,0.0,0.0,0.0,0.0
904,2018-10-23,26,1,5,5,5,5,5,144.0316721006055,0.0006210215804999224,0.0,6441,0.0,0.0,0.0,0.0
904,2018-10-24,26,1,5,5,5,5,5,223.57831325301206,0.0006693440428380187,0.0,2988,0.0,0.0,0.0,0.0
904,2018-10-25,26,1,5,5,5,5,5,147.9171399070728,0.0007743933918430562,0.0,3874,0.0,0.0,0.0,0.0
904,2018-10-26,23,1,2,5,5,5,5,585.211709800594,0.000282845424975251,0.0,7071,0.0,0.0,0.0,0.0
904,2018-10-28,22,1,1,5,5,5,5,1006.476504854369,0.0,0.0,2575,0.0,0.0,0.0,0.0
904,2018-10-30,23,1,2,5,5,5,5,666.2537294722326,0.000376081233546446,0.0,7977,1.0,0.0,0.0,0.0
904,2018-11-01,26,1,5,5,5,5,5,94.73928571428571,0.0011904761904761906,0.0,840,0.0,0.0,0.0,0.0
904,2018-11-03,24,1,3,5,5,5,5,443.98730038979,0.0,0.0,7953,0.0,0.0,0.0,0.0
904,2018-11-05,26,1,5,5,5,5,5,164.43330670926517,0.00039936102236421724,0.0,2504,0.0,0.0,0.0,0.0
904,2018-11-07,26,1,5,5,5,5,5,37.13341394598952,0.00040306328093510683,0.0,4962,0.0,0.0,0.0,0.0
904,2018-11-09,24,1,3,5,5,5,5,336.03333333333336,0.0,0.0,30,0.0,0.0,0.0,0.0
904,2018-11-11,26,1,5,5,5,5,5,173.46672178586192,0.0,0.0,2419,0.0,0.0,0.0,0.0
904,2018-11-13,24,1,3,5,5,5,5,374.8787878787879,0.0,0.0,198,0.0,0.0,0.0,0.0
904,2018-11-17,26,1,5,5,5,5,5,16.5,0.0,0.0,2,0.0,0.0,0.0,0.0
904,2019-01-05,26,1,5,5,5,5,5,71.13290194126431,0.001991040318566451,0.0,2009,0.0,0.0,0.0,0.0
904,2019-01-07,26,1,5,5,5,5,5,173.4501347708895,0.0026954177897574125,0.0,742,0.0,0.0,0.0,0.0
904,2019-01-09,26,1,5,5,5,5,5,100.67252931323283,0.0008375209380234506,0.0,1194,0.0,0.0,0.0,0.0
904,2019-01-11,24,1,3,5,5,5,5,319.0391061452514,0.0,0.0,716,0.0,0.0,0.0,0.0
1001,2018-10-19,22,1,1,5,5,5,5,837.5324675324675,0.012987012987012988,0.0,77,0.0,0.0,0.0,0.0
1001,2018-10-20,23,1,2,5,5,5,5,798.2857142857143,0.0,0.0,7,0.0,0.0,0.0,0.0
1001,2018-10-21,27,2,5,5,5,5,5,187.22222222222223,0.2222222222222222,0.0,9,3.0,0.0,0.0,0.0
1001,2018-10-22,26,1,5,5,5,5,5,169.4,0.0,0.0,5,0.0,0.0,0.0,0.0
1001,2018-10-23,26,1,5,5,5,5,5,14.5,0.0,0.0,2,0.0,0.0,0.0,0.0
1001,2018-10-24,23,1,2,5,5,5,5,504.40579710144925,0.014492753623188406,0.0,69,0.0,0.0,0.0,0.0
1001,2018-10-26,23,1,2,5,5,5,5,623.7391304347826,0.0,0.0,46,0.0,0.0,0.0,0.0
1001,2018-10-28,23,1,2,5,5,5,5,676.5714285714286,0.0,0.0,7,3.0,0.0,0.0,0.0
1001,2018-10-30,23,1,2,5,5,5,5,678.5217391304348,0.0,0.0,69,0.0,0.0,0.0,0.0
1001,2018-11-05,22,1,1,5,5,5,5,1220.5263157894738,0.0,0.0,19,0.0,0.0,0.0,0.0
1001,2018-11-07,26,1,5,5,5,5,5,101.33333333333333,0.0,0.0,18,0.0,0.0,0.0,0.0
1001,2018-11-09,26,1,5,5,5,5,5,25.82857142857143,0.0,0.0,35,0.0,0.0,0.0,0.0
1001,2018-11-13,26,1,5,5,5,5,5,30.0,0.0,0.0,1,0.0,0.0,0.0,0.0
1001,2019-01-07,23,1,2,5,5,5,5,574.8333333333334,0.0,0.0,6,0.0,0.0,0.0,0.0
1001,2019-01-09,26,1,5,5,5,5,5,44.333333333333336,0.0,0.0,3,0.0,0.0,0.0,0.0
1001,2019-01-11,22,1,1,5,5,5,5,2435.0,0.0,0.0,1,2.0,0.0,0.0,0.0
1002,2018-10-19,23,1,2,5,5,5,5,576.88,0.08,0.0,25,0.0,0.0,0.0,0.0
1002,2018-10-20,26,1,5,5,5,5,5,255.39285714285714,0.03571428571428571,0.0,28,0.0,0.0,0.0,0.0
1002,2018-10-21,23,1,2,5,5,5,5,531.4193548387096,0.016129032258064516,0.0,62,2.0,0.0,0.0,0.0
1002,2018-10-22,23,1,2,5,5,5,5,531.7692307692307,0.02564102564102564,0.0,78,0.0,0.0,0.0,0.0
1002,2018-10-23,26,1,5,5,5,5,5,279.2,0.03076923076923077,0.0,65,0.0,0.0,0.0,0.0
1002,2018-10-24,23,1,2,5,5,5,5,589.75,0.0,0.0,20,0.0,0.0,0.0,0.0
1002,2018-10-25,26,1,5,5,5,5,5,141.625,0.0625,0.0,48,0.0,0.0,0.0,0.0
1002,2018-10-26,23,1,2,5,5,5,5,543.9411764705883,0.0,0.0,17,0.0,0.0,0.0,0.0
1002,2018-10-28,26,1,5,5,5,5,5,56.77777777777778,0.0,0.0,27,1.0,0.0,0.0,0.0
1002,2018-10-30,22,1,1,5,5,5,5,1229.75,0.0,0.0,12,1.0,0.0,0.0,0.0
1002,2018-11-01,24,1,3,5,5,5,5,390.2436974789916,0.008403361344537815,0.0,119,0.0,0.0,0.0,0.0
1002,2018-11-05,23,1,2,5,5,5,5,569.8082191780821,0.0,0.0,73,0.0,0.0,0.0,0.0
1002,2018-11-13,26,1,5,5,5,5,5,13.741488020176545,0.0,0.0,1586,0.0,0.0,0.0,0.0
1002,2019-01-07,27,2,5,5,5,5,5,239.0,0.3333333333333333,0.0,3,0.0,0.0,0.0,0.0
1002,2019-01-09,22,1,1,5,5,5,5,3321.5,0.0,0.0,2,0.0,0.0,0.0,0.0
1002,2019-01-11,26,1,5,5,5,5,5,5.75,0.0,0.0,4,0.0,0.0,0.0,0.0
1003,2018-10-19,26,1,5,5,5,5,5,112.53807106598985,0.0,0.0,197,0.0,0.0,0.0,0.0
1003,2018-10-20,26,1,5,5,5,5,5,70.37301587301587,0.0,0.0,126,0.0,0.0,0.0,0.0
1003,2018-10-22,24,1,3,5,5,5,5,302.56296296296296,0.007407407407407408,0.0,135,0.0,0.0,0.0,0.0
1003,2018-10-23,24,1,3,5,5,5,5,431.75,0.08333333333333333,0.0,12,0.0,0.0,0.0,0.0
1003,2018-10-24,24,1,3,5,5,5,5,323.1923076923077,0.038461538461538464,0.0,26,0.0,0.0,0.0,0.0
1003,2018-10-25,23,1,2,5,5,5,5,574.9333333333333,0.0,0.0,30,0.0,0.0,0.0,0.0
1003,2018-10-26,24,1,3,5,5,5,5,458.0769230769231,0.07692307692307693,0.0,26,0.0,0.0,0.0,0.0
1003,2018-10-28,24,1,3,5,5,5,5,462.3333333333333,0.05555555555555555,0.0,18,0.0,0.0,0.0,0.0
1003,2018-10-30,24,1,3,5,5,5,5,365.125,0.041666666666666664,0.0,24,1.0,0.0,0.0,0.0
1003,2018-11-01,26,1,5,5,5,5,5,80.88235294117646,0.0,0.0,17,0.0,0.0,0.0,0.0
1003,2018-11-03,22,1,1,5,5,5,5,1226.0,0.0,0.0,4,0.0,0.0,0.0,0.0
1003,2018-11-07,24,1,3,5,5,5,5,400.11764705882354,0.029411764705882353,0.0,34,0.0,0.0,0.0,0.0
1003,2018-11-09,28,5,3,5,5,5,5,342.0,1.0,0.0,1,0.0,0.0,0.0,0.0
1003,2018-11-11,22,1,1,5,5,5,5,825.0,0.16666666666666666,0.0,6,0.0,0.0,0.0,0.0
1003,2019-01-05,26,1,5,5,5,5,5,33.8,0.06666666666666667,0.0,15,0.0,0.0,0.0,0.0
1004,2018-10-19,23,1,2,5,5,5,5,609.2758620689655,0.011494252873563218,0.0,261,0.0,0.0,0.0,0.0
1004,2018-10-20,23,1,2,5,5,5,5,743.3636363636364,0.0,0.0,11,0.0,0.0,0.0,0.0
1004,2018-10-21,24,1,3,5,5,5,5,459.32089552238807,0.007462686567164179,0.0,268,0.0,0.0,0.0,0.0
1004,2018-10-22,26,1,5,5,5,5,5,125.52307692307693,0.010256410256410256,0.0,195,0.0,0.0,0.0,0.0
1004,2018-10-23,23,1,2,5,5,5,5,662.8823529411765,0.058823529411764705,0.0,17,0.0,0.0,0.0,0.0
1004,2018-10-24,24,1,3,5,5,5,5,419.25943396226415,0.009433962264150943,0.0,212,0.0,0.0,0.0,0.0
1004,2018-10-25,22,1,1,5,5,5,5,1500.4,0.0,0.0,5,0.0,0.0,0.0,0.0
1004,2018-10-26,26,1,5,5,5,5,5,35.97826086956522,0.021739130434782608,0.0,46,0.0,0.0,0.0,0.0
1004,2018-10-28,26,1,5,5,5,5,5,206.55,0.05,0.0,20,2.0,0.0,0.0,0.0
1004,2018-10-30,28,3,5,5,5,5,5,26.0,0.5,0.0,2,2.0,0.0,0.0,0.0
1004,2018-11-01,26,1,5,5,5,5,5,260.9913043478261,0.004347826086956522,0.0,230,0.0,0.0,0.0,0.0
1004,2018-11-05,22,1,1,5,5,5,5,1356.8918918918919,0.02702702702702703,0.0,37,0.0,0.0,0.0,0.0
1004,2019-01-07,22,1,1,5,5,5,5,963.5,0.0,0.0,20,0.0,0.0,0.0,0.0
1004,2019-01-09,26,1,5,5,5,5,5,192.93243243243242,0.013513513513513514,0.0,74,0.0,0.0,0.0,0.0
1004,2019-01-11,22,1,1,5,5,5,5,2142.733333333333,0.0,0.0,30,0.0,0.0,0.0,0.0
1101,2018-10-19,23,1,2,5,5,5,5,576.1057750759878,0.0024316109422492403,0.0,1645,0.0,0.0,0.0,0.0
1101,2018-10-20,26,1,5,5,5,5,5,72.72916666666667,0.03125,0.0,96,1.0,0.0,0.0,0.0
1101,2018-10-21,24,1,3,5,5,5,5,362.921768707483,0.0,0.0,882,1.0,0.0,0.0,0.0
1101,2018-10-22,26,1,5,5,5,5,5,234.9916230366492,0.0020942408376963353,0.0,955,0.0,0.0,0.0,0.0
1101,2018-10-23,24,1,3,5,5,5,5,317.45762711864404,0.0847457627118644,0.0,59,0.0,0.0,0.0,0.0
1101,2018-10-24,24,1,3,5,5,5,5,450.82484725050915,0.004073319755600814,0.0,491,0.0,0.0,0.0,0.0
1101,2018-10-25,23,1,2,5,5,5,5,579.1267605633802,0.0014825796886582653,0.0,1349,0.0,0.0,0.0,0.0
1101,2018-10-26,26,1,5,5,5,5,5,212.6727272727273,0.0,0.0,550,0.0,0.0,0.0,0.0
1101,2018-10-28,26,1,5,5,5,5,5,217.51563036757128,0.00034352456200618345,0.0,2911,1.0,0.0,0.0,0.0
1101,2018-10-30,26,1,5,5,5,5,5,42.12719298245614,0.0,0.0,456,1.0,0.0,0.0,0.0
1101,2018-11-01,23,1,2,5,5,5,5,578.1269841269841,0.010582010582010581,0.0,189,0.0,0.0,0.0,0.0
1101,2018-11-03,26,1,5,5,5,5,5,266.6686217008798,0.005865102639296188,0.0,341,0.0,0.0,0.0,0.0
1101,2018-11-05,26,1,5,5,5,5,5,182.79696243005594,0.0,0.0,1251,0.0,0.0,0.0,0.0
1101,2018-11-07,24,1,3,5,5,5,5,308.2068965517241,0.0,0.0,29,0.0,0.0,0.0,0.0
1101,2018-11-09,26,1,5,5,5,5,5,106.17307692307692,0.0,0.0,52,0.0,0.0,0.0,0.0
1101,2018-11-11,26,1,5,5,5,5,5,98.25,0.0,0.0,4,0.0,0.0,0.0,0.0
1101,2018-11-15,26,1,5,5,5,5,5,68.30434782608695,0.0,0.0,115,0.0,0.0,0.0,0.0
1101,2019-01-05,28,3,5,5,5,5,5,198.0,0.5,0.0,2,0.0,0.0,0.0,0.0
1101,2019-01-07,23,1,2,5,5,5,5,755.5074626865671,0.0,0.0,67,0.0,0.0,3.0,0.04477611940298507
1101,2019-01-09,24,1,3,5,5,5,5,319.16326530612247,0.0,0.0,49,0.0,0.0,0.0,0.0
1101,2019-01-11,26,1,5,5,5,5,5,19.302504816955683,0.0,0.0,519,0.0,0.0,0.0,0.0
1102,2018-10-19,26,1,5,5,5,5,5,127.76739562624255,0.0019880715705765406,0.0,503,0.0,0.0,0.0,0.0
1102,2018-10-20,26,1,5,5,5,5,5,198.4164810690423,0.0022271714922048997,0.0,449,0.0,0.0,0.0,0.0
1102,2018-10-21,26,1,5,5,5,5,5,204.18207926479036,0.0,0.0,1741,0.0,0.0,0.0,0.0
1102,2018-10-22,26,1,5,5,5,5,5,65.82843137254902,0.004901960784313725,0.0,204,1.0,0.0,0.0,0.0
1102,2018-10-23,24,1,3,5,5,5,5,359.76329787234044,0.0,0.0,376,0.0,0.0,0.0,0.0
1102,2018-10-24,24,1,3,5,5,5,5,490.61094793057407,0.000267022696929239,0.0,3745,0.0,0.0,0.0,0.0
1102,2018-10-25,26,1,5,5,5,5,5,261.95076923076925,0.003076923076923077,0.0,325,0.0,0.0,0.0,0.0
1102,2018-10-26,26,1,5,5,5,5,5,77.2390438247012,0.0,0.0,502,0.0,0.0,0.0,0.0
1102,2018-10-28,26,1,5,5,5,5,5,298.70016207455427,0.004862236628849271,0.0,617,0.0,0.0,0.0,0.0
1102,2018-10-30,26,1,5,5,5,5,5,184.02397260273972,0.0,0.0,292,1.0,0.0,0.0,0.0
1102,2018-11-01,26,1,5,5,5,5,5,14.834701055099648,0.0,0.0,853,0.0,0.0,0.0,0.0
1102,2018-11-03,23,1,2,5,5,5,5,683.0478359908884,0.004555808656036446,0.0,439,0.0,0.0,0.0,0.0
1102,2018-11-05,26,1,5,5,5,5,5,198.58103975535167,0.0030581039755351682,0.0,327,0.0,0.0,0.0,0.0
1102,2018-11-07,26,1,5,5,5,5,5,45.47636511817441,0.00040749796251018743,0.0,2454,0.0,0.0,0.0,0.0
1102,2018-11-09,26,1,5,5,5,5,5,237.6379821958457,0.002967359050445104,0.0,337,0.0,0.0,0.0,0.0
1102,2018-11-11,26,1,5,5,5,5,5,251.8235294117647,0.0106951871657754,0.0,187,0.0,0.0,0.0,0.0
1102,2018-11-13,23,1,2,5,5,5,5,622.5,0.0,0.0,6,0.0,0.0,0.0,0.0
1102,2019-01-05,24,1,3,5,5,5,5,348.72340425531917,0.02127659574468085,0.0,47,0.0,0.0,0.0,0.0
1102,2019-01-07,23,1,2,5,5,5,5,638.0384615384615,0.0,0.0,182,0.0,0.0,0.0,0.0
1102,2019-01-09,24,1,3,5,5,5,5,464.40862068965515,0.0034482758620689655,0.0,580,0.0,0.0,0.0,0.0
1102,2019-01-11,23,1,2,5,5,5,5,534.9826989619377,0.0034602076124567475,0.0,289,0.0,0.0,0.0,0.0
1103,2018-10-19,26,1,5,5,5,5,5,95.3107822410148,0.0021141649048625794,0.0,473,0.0,0.0,0.0,0.0
1103,2018-10-20,26,1,5,5,5,5,5,126.68558951965065,0.008733624454148471,0.0,229,1.0,0.0,0.0,0.0
1103,2018-10-21,26,1,5,5,5,5,5,263.98477157360406,0.0025380710659898475,0.0,788,1.0,0.0,0.0,0.0
1103,2018-10-22,26,1,5,5,5,5,5,94.76570048309179,0.0012077294685990338,0.0,828,0.0,0.0,0.0,0.0
1103,2018-10-23,23,1,2,5,5,5,5,688.6929133858267,0.005249343832020997,0.0,381,0.0,0.0,0.0,0.0
1103,2018-10-24,26,1,5,5,5,5,5,152.52416918429003,0.0,0.0,662,0.0,0.0,0.0,0.0
1103,2018-10-25,24,1,3,5,5,5,5,469.7096774193548,0.0,0.0,155,0.0,0.0,0.0,0.0
1103,2018-10-26,26,1,5,5,5,5,5,53.99159663865546,0.002291825821237586,0.0,1309,0.0,0.0,0.0,0.0
1103,2018-10-28,24,1,3,5,5,5,5,311.04384724186707,0.0014144271570014145,0.0,707,0.0,0.0,0.0,0.0
1103,2018-10-30,26,1,5,5,5,5,5,174.2,0.1,0.0,10,1.0,0.0,0.0,0.0
1103,2018-11-01,26,1,5,5,5,5,5,295.92233009708735,0.009708737864077669,0.0,103,0.0,0.0,0.0,0.0
1103,2018-11-03,23,1,2,5,5,5,5,714.5333333333333,0.0,0.0,45,0.0,0.0,0.0,0.0
1103,2018-11-05,26,1,5,5,5,5,5,117.03529411764706,0.023529411764705882,0.0,85,0.0,0.0,0.0,0.0
1103,2018-11-07,26,1,5,5,5,5,5,201.5,0.0,0.0,4,0.0,0.0,0.0,0.0
1103,2018-11-09,26,1,5,5,5,5,5,33.51090342679128,0.0,0.0,321,0.0,0.0,0.0,0.0
1103,2018-11-11,26,1,5,5,5,5,5,5.779220779220779,0.0,0.0,77,0.0,0.0,0.0,0.0
1103,2018-11-13,24,1,3,5,5,5,5,428.77152317880797,0.0,0.0,302,0.0,0.0,0.0,0.0
1103,2019-01-05,26,1,5,5,5,5,5,141.52380952380952,0.0,0.0,42,0.0,0.0,0.0,0.0
1103,2019-01-07,26,1,5,5,5,5,5,113.36666666666666,0.03333333333333333,0.0,30,0.0,0.0,0.0,0.0
1103,2019-01-09,23,1,2,5,5,5,5,514.4181818181818,0.0025974025974025974,0.0,385,0.0,0.0,0.0,0.0
1103,2019-01-11,28,3,5,5,5,5,5,109.5,0.5,0.0,2,0.0,0.0,0.0,0.0
1201,2018-11-01,26,1,5,5,5,5,5,11.0,0.0,0.0,1,0.0,0.0,0.0,0.0
1201,2018-11-05,26,1,5,5,5,5,5,130.0,0.0,0.0,1,0.0,0.0,0.0,0.0
1201,2019-01-05,26,1,5,5,5,5,5,45.575221238938056,0.0,0.0,113,0.0,0.0,0.0,0.0
1201,2019-01-07,26,1,5,5,5,5,5,56.923994038748134,0.0014903129657228018,0.0,671,0.0,0.0,0.0,0.0
1201,2019-01-09,26,1,5,5,5,5,5,41.055350553505534,0.0,0.0,271,0.0,0.0,0.0,0.0
1201,2019-01-11,26,1,5,5,5,5,5,200.5,0.017241379310344827,0.0,58,0.0,0.0,0.0,0.0
1202,2018-10-19,26,1,5,5,5,5,5,100.55319148936171,0.02127659574468085,0.0,47,0.0,0.0,0.0,0.0
1202,2018-10-20,26,1,5,5,5,5,5,34.57603092783505,0.001288659793814433,0.0,776,0.0,0.0,0.0,0.0
1202,2018-10-21,26,1,5,5,5,5,5,115.37785800240674,0.0012033694344163659,0.0,831,0.0,0.0,0.0,0.0
1202,2018-10-22,26,1,5,5,5,5,5,98.37795275590551,0.011811023622047244,0.0,254,0.0,0.0,0.0,0.0
1202,2018-10-23,26,1,5,5,5,5,5,171.41860465116278,0.0,0.0,43,0.0,0.0,0.0,0.0
1202,2018-10-24,26,1,5,5,5,5,5,120.32876712328768,0.0136986301369863,0.0,73,0.0,0.0,0.0,0.0
1202,2018-10-25,26,1,5,5,5,5,5,210.68032786885246,0.01639344262295082,0.0,122,0.0,0.0,0.0,0.0
1202,2018-10-26,26,1,5,5,5,5,5,164.83758700696055,0.002320185614849188,0.0,1724,0.0,0.0,0.0,0.0
1202,2018-10-28,26,1,5,5,5,5,5,160.47560975609755,0.003048780487804878,0.0,328,2.0,0.0,0.0,0.0
1202,2018-10-30,26,1,5,5,5,5,5,292.4567901234568,0.024691358024691357,0.0,81,1.0,0.0,0.0,0.0
1202,2018-11-01,26,1,5,5,5,5,5,265.6666666666667,0.0,0.0,3,0.0,0.0,0.0,0.0
1202,2018-11-03,26,1,5,5,5,5,5,69.17647058823529,0.0,0.0,17,0.0,0.0,0.0,0.0
1202,2018-11-05,26,1,5,5,5,5,5,187.38976377952756,0.011811023622047244,0.0,254,0.0,0.0,0.0,0.0
1202,2018-11-09,24,1,3,5,5,5,5,427.64827586206894,0.006896551724137931,0.0,145,0.0,0.0,0.0,0.0
1202,2018-11-13,26,1,5,5,5,5,5,58.85294117647059,0.0,0.0,34,0.0,0.0,0.0,0.0
1202,2019-01-05,27,2,5,5,5,5,5,224.8,0.2,0.0,5,0.0,0.0,0.0,0.0
1202,2019-01-07,22,1,1,5,5,5,5,965.2592592592592,0.0,0.0,54,0.0,0.0,0.0,0.0
1202,2019-01-09,23,1,2,5,5,5,5,734.2417910447762,0.0,0.0,335,0.0,0.0,0.0,0.0
1202,2019-01-11,26,1,5,5,5,5,5,20.523809523809526,0.0,0.0,609,0.0,0.0,0.0,0.0
1301,2018-10-23,26,1,5,5,5,5,5,73.66666666666667,0.0,0.0,3,0.0,0.0,0.0,0.0
1301,2019-01-07,24,1,3,5,5,5,5,479.6666666666667,0.0,0.0,3,0.0,0.0,0.0,0.0
1302,2018-10-19,26,1,5,5,5,5,5,83.75,0.0,0.0,12,0.0,0.0,0.0,0.0
1302,2018-10-22,22,1,1,5,5,5,5,1109.857142857143,0.0,0.0,14,0.0,0.0,0.0,0.0
1302,2018-10-23,24,1,3,5,5,5,5,309.89473684210526,0.05263157894736842,0.0,19,0.0,0.0,0.0,0.0
1302,2018-10-24,24,1,3,5,5,5,5,343.14814814814815,0.037037037037037035,0.0,27,0.0,0.0,0.0,0.0
1302,2018-10-25,26,1,5,5,5,5,5,2.0,0.0,0.0,1,0.0,0.0,0.0,0.0
1302,2018-10-30,26,1,5,5,5,5,5,115.59055118110236,0.007874015748031496,0.0,127,0.0,0.0,0.0,0.0
1302,2018-11-01,26,1,5,5,5,5,5,11.5,0.0,0.0,2,0.0,0.0,0.0,0.0
1302,2018-11-09,22,1,1,5,5,5,5,2579.6666666666665,0.16666666666666666,0.0,6,0.0,0.0,0.0,0.0
1302,2018-11-13,26,1,5,5,5,5,5,13.1,0.0,0.0,10,0.0,0.0,0.0,0.0
1302,2018-11-15,26,1,5,5,5,5,5,98.0,0.0,0.0,1,0.0,0.0,0.0,0.0
1302,2019-01-05,24,2,2,5,5,5,5,591.0,0.3333333333333333,0.0,3,0.0,0.0,0.0,0.0
1302,2019-01-07,26,1,5,5,5,5,5,35.18181818181818,0.0,0.0,11,0.0,0.0,0.0,0.0
1302,2019-01-11,26,1,5,5,5,5,5,211.1578947368421,0.05263157894736842,0.0,19,0.0,0.0,0.0,0.0
1303,2018-10-19,26,1,5,5,5,5,5,79.0,0.0,0.0,1,0.0,0.0,0.0,0.0
1303,2018-10-23,22,1,1,5,5,5,5,1261.25,0.0,0.0,4,0.0,0.0,0.0,0.0
1303,2018-10-24,22,1,1,5,5,5,5,1403.3333333333333,0.0,0.0,3,0.0,0.0,0.0,0.0
1303,2018-10-30,23,1,2,5,5,5,5,541.5,0.0,0.0,8,0.0,0.0,0.0,0.0
1303,2018-11-05,26,1,5,5,5,5,5,9.0,0.0,0.0,1,0.0,0.0,0.0,0.0
1303,2018-11-07,26,1,5,5,5,5,5,56.7,0.0,0.0,10,0.0,0.0,0.0,0.0
1303,2018-11-13,24,2,2,5,5,5,5,668.25,0.25,0.0,4,0.0,0.0,0.0,0.0
1303,2019-01-07,26,1,5,5,5,5,5,8.873337189126662,0.0,0.0,1729,0.0,0.0,0.0,0.0
1303,2019-01-09,26,1,5,5,5,5,5,225.04166666666666,0.041666666666666664,0.0,24,0.0,0.0,0.0,0.0
