site_id,request_date,total_requests,total_response_time_ms,cache_hit_requests,error_requests,avg_response_time_ms,cache_hit_rate,error_rate,nglora_version,compatibility_mode
102,2018-10-19,2042,1378470,0,0,675.0587659157688,0.0,0.0,77.1.0,22.7
102,2018-10-20,1681,333074,4,0,198.14039262343843,0.002379535990481856,0.0,77.1.0,22.7
102,2018-10-21,1143,238653,6,0,208.79527559055117,0.005249343832020997,0.0,77.1.0,22.7
102,2018-10-22,932,100976,2,0,108.34334763948497,0.002145922746781116,0.0,77.1.0,22.7
102,2018-10-23,1450,1160957,3,0,800.66,0.0020689655172413794,0.0,77.1.0,22.7
102,2018-10-24,1652,837833,1,0,507.1628329297821,0.0006053268765133172,0.0,77.1.0,22.7
102,2018-10-25,1896,187141,1,0,98.70305907172995,0.0005274261603375527,0.0,77.1.0,22.7
102,2018-10-26,590,125273,2,0,212.3271186440678,0.003389830508474576,0.0,77.1.0,22.7
102,2018-10-28,122,11582,1,0,94.93442622950819,0.00819672131147541,0.0,77.1.0,22.7
102,2018-10-30,2299,87695,0,0,38.144845585036975,0.0,0.0,77.1.0,22.7
102,2018-11-01,135,33771,0,0,250.15555555555557,0.0,0.0,77.1.0,22.7
102,2018-11-03,87,27221,3,0,312.88505747126436,0.034482758620689655,0.0,77.1.0,22.7
102,2018-11-05,246,46331,0,0,188.33739837398375,0.0,0.0,77.1.0,22.7
102,2018-11-07,4195,152289,3,0,36.30250297973778,0.0007151370679380214,0.0,77.1.0,22.7
102,2018-11-09,712,771448,1,0,1083.4943820224719,0.0014044943820224719,0.0,77.1.0,22.7
102,2018-11-11,33,1571,1,0,47.60606060606061,0.030303030303030304,0.0,77.1.0,22.7
102,2018-11-13,94,4889,1,0,52.01063829787234,0.010638297872340425,0.0,77.1.0,22.7
102,2019-01-05,56,15371,1,0,274.48214285714283,0.017857142857142856,0.0,77.3.0,22.7
102,2019-01-07,4,2479,0,0,619.75,0.0,0.0,77.3.0,22.7
102,2019-01-09,1373,136751,1,0,99.60014566642388,0.0007283321194464676,0.0,77.3.0,22.7
102,2019-01-11,2,278,0,0,139.0,0.0,0.0,77.3.0,22.7
103,2018-10-19,4642,1062647,2,0,228.92007755277896,0.00043084877208099956,0.0,77.1.0,22.7
103,2018-10-20,5224,944164,5,0,180.73583460949465,0.0009571209800918836,0.0,77.1.0,22.7
103,2018-10-21,1492,120812,1,0,80.97319034852546,0.0006702412868632708,0.0,77.1.0,22.7
103,2018-10-22,3145,362495,2,0,115.26073131955485,0.0006359300476947536,0.0,77.1.0,22.7
103,2018-10-23,2602,122081,1,0,46.91813989239047,0.0003843197540353574,0.0,77.1.0,22.7
103,2018-10-24,2810,358917,3,0,127.72846975088967,0.0010676156583629894,0.0,77.1.0,22.7
103,2018-10-25,646,170556,1,0,264.01857585139317,0.0015479876160990713,0.0,77.1.0,22.7
103,2018-10-26,8936,356869,1,0,39.936101163831694,0.00011190689346463742,0.0,77.1.0,22.7
103,2018-10-28,228,53710,2,0,235.5701754385965,0.008771929824561403,0.0,77.1.0,22.7
103,2018-10-30,4851,2618928,0,0,539.873840445269,0.0,0.0,77.1.0,22.7
103,2018-11-01,2220,178962,1,0,80.61351351351351,0.00045045045045045046,0.0,77.1.0,22.7
103,2018-11-03,574,128529,2,0,223.91811846689896,0.003484320557491289,0.0,77.1.0,22.7
103,2018-11-05,267,46809,0,0,175.31460674157304,0.0,0.0,77.1.0,22.7
103,2018-11-07,1332,166634,1,0,125.1006006006006,0.0007507507507507507,0.0,77.1.0,22.7
103,2018-11-09,2054,9081,0,0,4.421129503407984,0.0,0.0,77.1.0,22.7
103,2018-11-11,156,5842,0,0,37.44871794871795,0.0,0.0,77.1.0,22.7
103,2018-11-13,313,168386,1,0,537.9744408945687,0.003194888178913738,0.0,77.1.0,22.7
103,2018-11-15,5,1136,0,0,227.2,0.0,0.0,77.1.0,22.7
103,2019-01-05,80,76721,0,0,959.0125,0.0,0.0,77.3.0,22.7
103,2019-01-07,465,51415,1,0,110.56989247311827,0.002150537634408602,0.0,77.3.0,22.7
103,2019-01-09,3,1482,0,0,494.0,0.0,0.0,77.3.0,22.7
103,2019-01-11,86,7521,0,0,87.45348837209302,0.0,0.0,77.3.0,22.7
105,2018-10-19,348,98747,0,0,283.7557471264368,0.0,0.0,77.1.0,22.7
105,2018-10-20,36,1365,2,0,37.916666666666664,0.05555555555555555,0.0,77.1.0,22.7
105,2018-10-21,2875,86026,1,0,29.92208695652174,0.00034782608695652176,0.0,77.1.0,22.7
105,2018-10-22,205,146642,1,0,715.3268292682927,0.004878048780487805,0.0,77.1.0,22.7
105,2018-10-23,462,146892,0,0,317.94805194805195,0.0,0.0,77.1.0,22.7
105,2018-10-24,122,11138,1,0,91.29508196721312,0.00819672131147541,0.0,77.1.0,22.7
105,2018-10-25,267,29659,3,0,111.08239700374531,0.011235955056179775,0.0,77.1.0,22.7
105,2018-10-26,425,16352,1,0,38.47529411764706,0.002352941176470588,0.0,77.1.0,22.7
105,2018-10-28,79,15750,1,0,199.36708860759492,0.012658227848101266,0.0,77.1.0,22.7
105,2018-10-30,3,117,0,0,39.0,0.0,0.0,77.1.0,22.7
105,2018-11-01,261,11336,0,0,43.43295019157088,0.0,0.0,77.1.0,22.7
105,2018-11-03,1,56,0,0,56.0,0.0,0.0,77.1.0,22.7
105,2018-11-07,505,2895,0,0,5.732673267326732,0.0,0.0,77.1.0,22.7
105,2018-11-09,132,881,0,0,6.674242424242424,0.0,0.0,77.1.0,22.7
105,2019-01-05,3,241,0,0,80.33333333333333,0.0,0.0,77.3.0,22.7
105,2019-01-07,1,20,0,0,20.0,0.0,0.0,77.3.0,22.7
106,2018-10-19,10046,1030827,8,0,102.6106908222178,0.0007963368504877563,0.0,77.1.0,22.7
106,2018-10-20,17805,1652171,1,0,92.7925301881494,5.616399887672002e-05,0.0,77.1.0,22.7
106,2018-10-21,8585,4862179,5,0,566.3574839836925,0.0005824111822947001,0.0,77.1.0,22.7
106,2018-10-22,15725,1789572,6,0,113.80426073131956,0.00038155802861685216,0.0,77.1.0,22.7
106,2018-10-23,7156,575634,7,0,80.44074902179989,0.0009782001117942985,0.0,77.1.0,22.7
106,2018-10-24,20314,1052984,2,0,51.83538446391651,9.845426799251748e-05,0.0,77.1.0,22.7
106,2018-10-25,4459,1067099,5,0,239.3135232114824,0.001121327651939897,0.0,77.1.0,22.7
106,2018-10-26,58259,7976618,3,0,136.91649358897337,5.149418973892446e-05,0.0,77.1.0,22.7
106,2018-10-28,5072,1155229,4,0,227.76597003154575,0.0007886435331230284,0.0,77.1.0,22.7
106,2018-10-30,1793,132257,1,0,73.76296709425544,0.0005577244841048522,0.0,77.1.0,22.7
106,2018-11-01,11216,391636,1,0,34.91761768901569,8.91583452211127e-05,0.0,77.1.0,22.7
106,2018-11-03,1276,241065,1,0,188.92241379310346,0.0007836990595611285,0.0,77.1.0,22.7
106,2018-11-05,3196,1258830,0,0,393.8767209011264,0.0,0.0,77.1.0,22.7
106,2018-11-07,528,97721,2,0,185.0776515151515,0.003787878787878788,0.0,77.1.0,22.7
106,2018-11-09,619,106208,0,0,171.5799676898223,0.0,0.0,77.1.0,22.7
106,2018-11-11,9457,853816,1,0,90.28402241725706,0.00010574177857671566,0.0,77.1.0,22.7
106,2018-11-13,2261,72997,1,0,32.28527200353826,0.0004422821760283061,0.0,77.1.0,22.7
106,2018-11-15,11,1561,0,0,141.9090909090909,0.0,0.0,77.1.0,22.7
106,2019-01-05,22419,4188603,1,0,186.83273116552922,4.460502252553638e-05,0.0,77.3.0,22.7
106,2019-01-07,695,781168,0,0,1123.9827338129496,0.0,0.0,77.3.0,22.7
106,2019-01-09,41543,6813540,2,0,164.0117468646944,4.8142888091856634e-05,0.0,77.3.0,22.7
107,2018-10-19,73,20280,0,0,277.8082191780822,0.0,0.0,77.1.0,22.7
107,2018-10-20,477,14368,2,0,30.12159329140461,0.0041928721174004195,0.0,77.1.0,22.7
107,2018-10-21,1722,163828,4,0,95.13821138211382,0.0023228803716608595,0.0,77.1.0,22.7
107,2018-10-22,638,195303,3,0,306.11755485893417,0.004702194357366771,0.0,77.1.0,22.7
107,2018-10-23,9110,2717602,2,0,298.3097694840834,0.0002195389681668496,0.0,77.1.0,22.7
107,2018-10-24,3137,1533319,2,0,488.78514504303473,0.000637551801083838,0.0,77.1.0,22.7
107,2018-10-25,158,31326,4,0,198.26582278481013,0.02531645569620253,0.0,77.1.0,22.7
107,2018-10-26,986,72636,1,0,73.66734279918865,0.0010141987829614604,0.0,77.1.0,22.7
107,2018-10-28,532,77185,1,0,145.0845864661654,0.0018796992481203006,0.0,77.1.0,22.7
107,2018-10-30,7471,873389,0,0,116.90389506090216,0.0,0.0,77.1.0,22.7
107,2018-11-01,475,188232,3,0,396.2778947368421,0.00631578947368421,0.0,77.1.0,22.7
107,2018-11-03,197,93499,2,0,474.61421319796955,0.01015228426395939,0.0,77.1.0,22.7
107,2018-11-05,65,43162,0,0,664.0307692307692,0.0,0.0,77.1.0,22.7
107,2018-11-07,3023,76202,5,0,25.207409857757195,0.0016539861065167053,0.0,77.1.0,22.7
107,2018-11-09,57,46081,1,0,808.438596491228,0.017543859649122806,0.0,77.1.0,22.7
107,2018-11-11,3,81,0,0,27.0,0.0,0.0,77.1.0,22.7
107,2018-11-13,11,3295,0,0,299.54545454545456,0.0,0.0,77.1.0,22.7
107,2019-01-05,77,27785,1,0,360.84415584415586,0.012987012987012988,0.0,77.3.0,22.7
107,2019-01-07,8,1098,1,0,137.25,0.125,0.0,77.3.0,22.7
107,2019-01-09,216,25322,1,0,117.23148148148148,0.004629629629629629,0.0,77.3.0,22.7
107,2019-01-11,1,22,0,0,22.0,0.0,0.0,77.3.0,22.7
109,2018-10-19,9502,1158996,4,0,121.97390023153021,0.0004209640075773521,0.0,77.1.0,22.7
109,2018-10-20,35891,8853428,8,0,246.67543395280154,0.0002228971051238472,0.0,77.1.0,22.7
109,2018-10-21,26880,57544782,7,0,2140.8029017857143,0.00026041666666666666,0.0,77.1.0,22.7
109,2018-10-22,95757,182057051,13,0,1901.2401286590014,0.0001357603099512307,0.0,77.1.0,22.7
109,2018-10-23,25014,4021654,3,0,160.7761253697929,0.00011993283761093787,0.0,77.1.0,22.7
109,2018-10-24,38240,6746009,12,0,176.4123692468619,0.00031380753138075313,0.0,77.1.0,22.7
109,2018-10-25,24022,15667338,13,0,652.2078927649654,0.0005411705936225127,0.0,77.1.0,22.7
109,2018-10-26,11480,8020349,5,0,698.6366724738676,0.00043554006968641115,0.0,77.1.0,22.7
109,2018-10-28,39621,5518767,1,0,139.2889376845612,2.523914085964514e-05,0.0,77.1.0,22.7
109,2018-10-30,19344,5490193,3,0,283.8189102564103,0.00015508684863523573,0.0,77.1.0,22.7
109,2018-11-01,10622,4484514,2,0,422.1911127847863,0.00018828845791752966,0.0,77.1.0,22.7
109,2018-11-03,10812,1303240,6,0,120.53644099149093,0.0005549389567147614,0.0,77.1.0,22.7
109,2018-11-05,1082,167448,2,0,154.75785582255082,0.0018484288354898336,0.0,77.1.0,22.7
109,2018-11-07,10256,1991235,1,0,194.15317862714508,9.750390015600624e-05,0.0,77.1.0,22.7
109,2018-11-09,7458,656444,3,0,88.0187717886833,0.00040225261464199515,0.0,77.1.0,22.7
109,2018-11-11,2911,1288555,4,0,442.6502919958777,0.0013740982480247338,0.0,77.1.0,22.7
109,2018-11-13,145,18402,1,0,126.9103448275862,0.006896551724137931,0.0,77.1.0,22.7
109,2018-11-15,3,235,1,0,78.33333333333333,0.3333333333333333,0.0,77.1.0,22.7
109,2018-11-17,6,1135,0,0,189.16666666666666,0.0,0.0,77.1.0,22.7
109,2019-01-05,7935,4054532,1,0,510.968115942029,0.0001260239445494644,0.0,77.3.0,22.7
109,2019-01-07,1182,1421781,2,0,1202.8604060913706,0.001692047377326565,0.0,77.3.0,22.7
109,2019-01-09,3724,541974,2,0,145.53544575725027,0.0005370569280343716,0.0,77.3.0,22.7
109,2019-01-11,5838,528693,0,0,90.5606372045221,0.0,0.0,77.3.0,22.7
111,2018-10-19,3623,888934,1,0,245.3585426442175,0.0002760143527463428,0.0,77.1.0,22.7
111,2018-10-20,2904,758432,0,0,261.168044077135,0.0,0.0,77.1.0,22.7
111,2018-10-21,29660,1285525,0,0,43.34204315576534,0.0,0.0,77.1.0,22.7
111,2018-10-22,10607,3576643,1,0,337.1964740265862,9.427736400490242e-05,0.0,77.1.0,22.7
111,2018-10-23,1310,82461,0,0,62.94732824427481,0.0,0.0,77.1.0,22.7
111,2018-10-24,109,11088,0,0,101.72477064220183,0.0,0.0,77.1.0,22.7
111,2018-10-25,269,57792,0,0,214.84014869888475,0.0,0.0,77.1.0,22.7
111,2018-10-26,3460,995803,0,0,287.8043352601156,0.0,0.0,77.1.0,22.7
111,2018-10-28,35066,3790560,0,0,108.09787258312896,0.0,0.0,77.1.0,22.7
111,2018-10-30,4054,612232,0,0,151.01924025653676,0.0,0.0,77.1.0,22.7
111,2018-11-01,4533,460999,0,0,101.69843370836091,0.0,0.0,77.1.0,22.7
111,2018-11-03,111,292185,0,0,2632.2972972972975,0.0,0.0,77.1.0,22.7
111,2018-11-05,2147,327684,0,0,152.6241266884024,0.0,0.0,77.1.0,22.7
111,2018-11-07,75,11795,0,0,157.26666666666668,0.0,0.0,77.1.0,22.7
111,2018-11-09,7413,960774,0,0,129.60663698907325,0.0,0.0,77.1.0,22.7
111,2018-11-11,36865,974146,0,0,26.424684660246847,0.0,0.0,77.1.0,22.7
111,2018-11-13,123,10041,1,0,81.63414634146342,0.008130081300813009,0.0,77.1.0,22.7
111,2018-11-15,3,318,0,0,106.0,0.0,0.0,77.1.0,22.7
111,2019-01-05,73,12435,0,0,170.34246575342465,0.0,0.0,77.3.0,22.7
111,2019-01-07,6,258,0,0,43.0,0.0,0.0,77.3.0,22.7
111,2019-01-09,197,13853,0,0,70.31979695431473,0.0,0.0,77.3.0,22.7
112,2018-10-19,6206,2265445,5,0,365.04108926844987,0.0008056719303899452,0.0,77.1.0,22.7
112,2018-10-20,6606,1542234,3,0,233.4595821980018,0.00045413260672116256,0.0,77.1.0,22.7
112,2018-10-21,1087,278374,4,0,256.09383624655015,0.0036798528058877645,0.0,77.1.0,22.7
112,2018-10-22,958,87488,3,0,91.32359081419624,0.003131524008350731,0.0,77.1.0,22.7
112,2018-10-23,2040,446294,8,0,218.771568627451,0.00392156862745098,0.0,77.1.0,22.7
112,2018-10-24,1861,210589,3,0,113.15905427189684,0.0016120365394948952,0.0,77.1.0,22.7
112,2018-10-25,5006,1457509,7,0,291.1524170994806,0.0013983220135836995,0.0,77.1.0,22.7
112,2018-10-26,3187,1049022,3,0,329.15657358016944,0.0009413241292751804,0.0,77.1.0,22.7
112,2018-10-28,700,228337,2,0,326.1957142857143,0.002857142857142857,0.0,77.1.0,22.7
112,2018-10-30,2866,515321,3,0,179.80495464061408,0.00104675505931612,0.0,77.1.0,22.7
112,2018-11-01,1756,552900,2,0,314.8633257403189,0.0011389521640091116,0.0,77.1.0,22.7
112,2018-11-03,10580,4114940,0,0,388.9357277882798,0.0,0.0,77.1.0,22.7
112,2018-11-05,1302,254151,1,0,195.2004608294931,0.0007680491551459293,0.0,77.1.0,22.7
112,2018-11-07,344,123617,3,0,359.3517441860465,0.00872093023255814,0.0,77.1.0,22.7
112,2018-11-09,450,46500,0,0,103.33333333333333,0.0,0.0,77.1.0,22.7
112,2018-11-11,19058,681335,1,0,35.75060342113548,5.24714030853185e-05,0.0,77.1.0,22.7
112,2018-11-13,17,1308,1,0,76.94117647058823,0.058823529411764705,0.0,77.1.0,22.7
112,2018-11-15,2,1001,0,0,500.5,0.0,0.0,77.1.0,22.7
112,2018-11-19,1,1878,0,0,1878.0,0.0,0.0,77.1.0,22.7
112,2019-01-05,1029,89202,1,0,86.68804664723032,0.0009718172983479105,0.0,77.3.0,22.7
112,2019-01-07,880,216965,1,0,246.55113636363637,0.0011363636363636363,0.0,77.3.0,22.7
112,2019-01-09,925,251324,1,0,271.7016216216216,0.001081081081081081,0.0,77.3.0,22.7
112,2019-01-11,48,3965,1,0,82.60416666666667,0.020833333333333332,0.0,77.3.0,22.7
113,2018-10-19,9171,1329799,6,0,145.00043615745284,0.0006542361792607131,0.0,77.1.0,22.7
113,2018-10-20,653,149463,4,0,228.8866768759571,0.006125574272588055,0.0,77.1.0,22.7
113,2018-10-21,3011,259213,3,0,86.08867485885088,0.0009963467286615742,0.0,77.1.0,22.7
113,2018-10-22,2288,460104,5,0,201.0944055944056,0.0021853146853146855,0.0,77.1.0,22.7
113,2018-10-23,5107,666284,2,0,130.4648521636969,0.00039161934599569217,0.0,77.1.0,22.7
113,2018-10-24,11733,1029352,4,0,87.73135600443194,0.0003409187761015938,0.0,77.1.0,22.7
113,2018-10-25,4692,844623,5,0,180.01342710997443,0.0010656436487638534,0.0,77.1.0,22.7
113,2018-10-26,4861,332307,4,0,68.36185969965028,0.0008228759514503189,0.0,77.1.0,22.7
113,2018-10-28,2044,752357,4,0,368.0807240704501,0.0019569471624266144,0.0,77.1.0,22.7
113,2018-10-30,3933,582398,2,0,148.0798372743453,0.0005085176709890668,0.0,77.1.0,22.7
113,2018-11-01,8412,183978,3,0,21.87089871611983,0.0003566333808844508,0.0,77.1.0,22.7
113,2018-11-03,1426,226122,1,0,158.57082748948108,0.0007012622720897616,0.0,77.1.0,22.7
113,2018-11-05,66,38130,1,0,577.7272727272727,0.015151515151515152,0.0,77.1.0,22.7
113,2018-11-07,6226,558466,1,0,89.69900417603598,0.00016061676839062,0.0,77.1.0,22.7
113,2018-11-09,1125,1120649,1,0,996.1324444444444,0.0008888888888888889,0.0,77.1.0,22.7
113,2018-11-11,171,27026,1,0,158.046783625731,0.005847953216374269,0.0,77.1.0,22.7
113,2018-11-13,5,3019,1,0,603.8,0.2,0.0,77.1.0,22.7
113,2018-11-15,79,8977,1,0,113.63291139240506,0.012658227848101266,0.0,77.1.0,22.7
113,2018-11-19,1,94,0,0,94.0,0.0,0.0,77.1.0,22.7
113,2019-01-05,374,96733,1,0,258.64438502673795,0.00267379679144385,0.0,77.3.0,22.7
113,2019-01-07,6,87,0,0,14.5,0.0,0.0,77.3.0,22.7
113,2019-01-09,1622,225543,1,0,139.05240443896423,0.0006165228113440197,0.0,77.3.0,22.7
113,2019-01-11,1,205,0,0,205.0,0.0,0.0,77.3.0,22.7
114,2018-10-19,18779,3307528,4,0,176.1290803557165,0.0002130038873209436,0.0,77.1.0,22.7
114,2018-10-20,3903,345220,5,0,88.44991032539073,0.0012810658467845247,0.0,77.1.0,22.7
114,2018-10-21,30836,5173244,4,0,167.76637696199248,0.00012971851083149564,0.0,77.1.0,22.7
114,2018-10-22,7078,1039943,7,0,146.92610907035885,0.0009889799378355467,0.0,77.1.0,22.7
114,2018-10-23,1430,294118,3,0,205.6769230769231,0.002097902097902098,0.0,77.1.0,22.7
114,2018-10-24,10342,502530,4,0,48.5911815896345,0.00038677238445175013,0.0,77.1.0,22.7
114,2018-10-25,10288,2708105,5,0,263.22949066874025,0.0004860031104199067,0.0,77.1.0,22.7
114,2018-10-26,12699,1498141,3,0,117.9731474919285,0.00023623907394283014,0.0,77.1.0,22.7
114,2018-10-28,1027,88134,2,0,85.81694255111977,0.0019474196689386564,0.0,77.1.0,22.7
114,2018-10-30,2722,188344,3,0,69.19324026451139,0.0011021307861866275,0.0,77.1.0,22.7
114,2018-11-01,877,273735,2,0,312.1265678449259,0.002280501710376283,0.0,77.1.0,22.7
114,2018-11-03,3082,93018,2,0,30.18105126541207,0.0006489292667099286,0.0,77.1.0,22.7
114,2018-11-05,584,155553,1,0,266.3578767123288,0.0017123287671232876,0.0,77.1.0,22.7
114,2018-11-07,1318,254881,1,0,193.38467374810318,0.0007587253414264037,0.0,77.1.0,22.7
114,2018-11-09,386,60712,3,0,157.28497409326425,0.007772020725388601,0.0,77.1.0,22.7
114,2018-11-11,7079,420698,2,0,59.429015397655036,0.00028252578047746857,0.0,77.1.0,22.7
114,2018-11-13,108,31822,2,0,294.64814814814815,0.018518518518518517,0.0,77.1.0,22.7
114,2018-11-15,10,1168,0,0,116.8,0.0,0.0,77.1.0,22.7
114,2018-11-17,139,10972,1,0,78.93525179856115,0.007194244604316547,0.0,77.1.0,22.7
114,2019-01-05,52,33519,0,0,644.5961538461538,0.0,0.0,77.3.0,22.7
114,2019-01-07,86,47553,1,0,552.9418604651163,0.011627906976744186,0.0,77.3.0,22.7
114,2019-01-09,19,7250,1,0,381.57894736842104,0.05263157894736842,0.0,77.3.0,22.7
114,2019-01-11,901,1262891,1,0,1401.6548279689234,0.0011098779134295228,0.0,77.3.0,22.7
115,2018-10-19,3545,647983,4,0,182.78787023977432,0.0011283497884344146,0.0,77.1.0,22.7
115,2018-10-20,6217,2523917,4,0,405.9702428824192,0.0006433971368827409,0.0,77.1.0,22.7
115,2018-10-21,5063,3265474,2,0,644.9682006715386,0.00039502271380604387,0.0,77.1.0,22.7
115,2018-10-22,10072,2488051,3,0,247.02650913423352,0.00029785544082605245,0.0,77.1.0,22.7
115,2018-10-23,10474,5509935,6,0,526.0583349245751,0.0005728470498376934,0.0,77.1.0,22.7
115,2018-10-24,10503,3689518,5,0,351.2823002951538,0.0004760544606302961,0.0,77.1.0,22.7
115,2018-10-25,618,93352,4,0,151.05501618122977,0.006472491909385114,0.0,77.1.0,22.7
115,2018-10-26,3705,1475170,2,0,398.1565452091768,0.0005398110661268556,0.0,77.1.0,22.7
115,2018-10-28,11069,242063,3,0,21.868551811365073,0.00027102719306170385,0.0,77.1.0,22.7
115,2018-10-30,5153,2077822,0,0,403.22569377061905,0.0,0.0,77.1.0,22.7
115,2018-11-01,10668,3044089,5,0,285.34767529058865,0.00046869141357330335,0.0,77.1.0,22.7
115,2018-11-03,3319,463894,1,0,139.7692075926484,0.00030129557095510696,0.0,77.1.0,22.7
115,2018-11-05,4010,2338295,1,0,583.1159600997506,0.00024937655860349125,0.0,77.1.0,22.7
115,2018-11-07,817,205250,1,0,251.22399020807833,0.0012239902080783353,0.0,77.1.0,22.7
115,2018-11-09,136,2202,0,0,16.191176470588236,0.0,0.0,77.1.0,22.7
115,2018-11-11,348,69844,1,0,200.70114942528735,0.0028735632183908046,0.0,77.1.0,22.7
115,2018-11-13,62,4429,0,0,71.43548387096774,0.0,0.0,77.1.0,22.7
115,2018-11-15,32,10576,0,0,330.5,0.0,0.0,77.1.0,22.7
115,2019-01-05,7,2447,0,0,349.57142857142856,0.0,0.0,77.3.0,22.7
115,2019-01-07,255,1238990,0,0,4858.78431372549,0.0,0.0,77.3.0,22.7
115,2019-01-09,1122,202835,2,0,180.77985739750446,0.0017825311942959,0.0,77.3.0,22.7
115,2019-01-11,5774,860931,2,0,149.10478004849324,0.00034638032559750607,0.0,77.3.0,22.7
116,2018-10-19,7140,2475653,4,0,346.73011204481793,0.0005602240896358543,0.0,77.1.0,22.7
116,2018-10-20,6151,1152419,5,0,187.3547390668184,0.0008128759551292473,0.0,77.1.0,22.7
116,2018-10-21,4318,1242182,4,0,287.6753126447429,0.0009263547938860583,0.0,77.1.0,22.7
116,2018-10-22,4038,636803,3,0,157.7025755324418,0.0007429420505200594,0.0,77.1.0,22.7
116,2018-10-23,2178,229854,3,0,105.53443526170798,0.0013774104683195593,0.0,77.1.0,22.7
116,2018-10-24,5491,3122369,3,0,568.6339464578401,0.0005463485703879075,0.0,77.1.0,22.7
116,2018-10-25,8762,2573906,2,0,293.757817849806,0.00022825838849577722,0.0,77.1.0,22.7
116,2018-10-26,701,120302,4,0,171.61483594864478,0.005706134094151213,0.0,77.1.0,22.7
116,2018-10-28,14435,2092386,5,0,144.95226879113267,0.00034638032559750607,0.0,77.1.0,22.7
116,2018-10-30,8716,1541542,4,0,176.8634694814135,0.0004589261128958238,0.0,77.1.0,22.7
116,2018-11-01,25262,6700456,3,0,265.2385400997546,0.00011875544295780223,0.0,77.1.0,22.7
116,2018-11-03,3324,725476,4,0,218.25391095066186,0.0012033694344163659,0.0,77.1.0,22.7
116,2018-11-05,1149,347656,5,0,302.5726718885988,0.004351610095735422,0.0,77.1.0,22.7
116,2018-11-07,2583,241784,1,0,93.60588463027487,0.00038714672861014324,0.0,77.1.0,22.7
116,2018-11-09,8550,1412148,3,0,165.16350877192983,0.0003508771929824561,0.0,77.1.0,22.7
116,2018-11-11,824,1067771,0,0,1295.8385922330096,0.0,0.0,77.1.0,22.7
116,2018-11-13,2972,195301,1,0,65.71366083445491,0.00033647375504710633,0.0,77.1.0,22.7
116,2018-11-15,89,28869,0,0,324.3707865168539,0.0,0.0,77.1.0,22.7
116,2019-01-05,2576,1513611,0,0,587.5819099378882,0.0,0.0,77.3.0,22.7
116,2019-01-07,4383,2089520,1,0,476.73283139402236,0.00022815423226100844,0.0,77.3.0,22.7
116,2019-01-09,2422,972195,3,0,401.4017341040462,0.0012386457473162675,0.0,77.3.0,22.7
116,2019-01-11,169,80622,2,0,477.05325443786984,0.011834319526627219,0.0,77.3.0,22.7
117,2018-10-19,4963,662393,5,0,133.46625025186378,0.0010074551682450132,0.0,77.1.0,22.7
117,2018-10-20,10385,517532,5,0,49.8345690900337,0.00048146364949446316,0.0,77.1.0,22.7
117,2018-10-21,37762,3668835,9,0,97.15679783909751,0.00023833483396006568,0.0,77.1.0,22.7
117,2018-10-22,2392,1141597,5,0,477.25627090301003,0.0020903010033444815,0.0,77.1.0,22.7
117,2018-10-23,4974,4229173,2,0,850.25593084037,0.0004020908725371934,0.0,77.1.0,22.7
117,2018-10-24,34103,4634177,5,0,135.88766384189074,0.00014661466733131983,0.0,77.1.0,22.7
117,2018-10-25,3545,1221595,4,0,344.5966149506347,0.0011283497884344146,0.0,77.1.0,22.7
117,2018-10-26,2049,595034,6,0,290.4021473889702,0.0029282576866764276,0.0,77.1.0,22.7
117,2018-10-28,1552,561023,1,0,361.48389175257734,0.0006443298969072165,0.0,77.1.0,22.7
117,2018-10-30,1681,731205,4,0,434.98215348007136,0.002379535990481856,0.0,77.1.0,22.7
117,2018-11-01,1906,191856,3,0,100.65897166841553,0.0015739769150052466,0.0,77.1.0,22.7
117,2018-11-03,1373,178850,1,0,130.26219956300073,0.0007283321194464676,0.0,77.1.0,22.7
117,2018-11-05,973,226663,2,0,232.95272353545735,0.0020554984583761563,0.0,77.1.0,22.7
117,2018-11-07,3553,1033325,1,0,290.83169152828594,0.00028145229383619476,0.0,77.1.0,22.7
117,2018-11-09,780,123559,2,0,158.40897435897435,0.002564102564102564,0.0,77.1.0,22.7
117,2018-11-11,959,199467,3,0,207.99478623566216,0.0031282586027111575,0.0,77.1.0,22.7
117,2018-11-13,4304,3091488,0,0,718.2825278810409,0.0,0.0,77.1.0,22.7
117,2018-11-15,543,7200,1,0,13.259668508287293,0.001841620626151013,0.0,77.1.0,22.7
117,2018-11-19,132,3478,0,0,26.348484848484848,0.0,0.0,77.1.0,22.7
117,2019-01-05,96,57669,0,0,600.71875,0.0,0.0,77.3.0,22.7
117,2019-01-07,2547,1332069,0,0,522.9952885747939,0.0,0.0,77.3.0,22.7
117,2019-01-09,7409,1475535,2,0,199.15440680253747,0.00026994196247806724,0.0,77.3.0,22.7
117,2019-01-11,1767,681968,3,0,385.9468024900962,0.001697792869269949,0.0,77.3.0,22.7
118,2018-10-19,1061,172851,0,0,162.91328934967012,0.0,0.0,77.1.0,22.7
118,2018-10-20,227,7929,0,0,34.929515418502206,0.0,0.0,77.1.0,22.7
118,2018-10-21,87,87219,1,0,1002.5172413793103,0.011494252873563218,0.0,77.1.0,22.7
118,2018-10-22,42,14825,0,0,352.9761904761905,0.0,0.0,77.1.0,22.7
118,2018-10-23,206,86354,2,0,419.19417475728153,0.009708737864077669,0.0,77.1.0,22.7
118,2018-10-24,1260,395924,2,0,314.22539682539684,0.0015873015873015873,0.0,77.1.0,22.7
118,2018-10-25,52,14978,0,0,288.03846153846155,0.0,0.0,77.1.0,22.7
118,2018-10-26,135,31438,3,0,232.8740740740741,0.022222222222222223,0.0,77.1.0,22.7
118,2018-10-28,4,3369,0,0,842.25,0.0,0.0,77.1.0,22.7
118,2018-10-30,286,159142,2,0,556.4405594405595,0.006993006993006993,0.0,77.1.0,22.7
118,2018-11-01,46,16816,3,0,365.5652173913044,0.06521739130434782,0.0,77.1.0,22.7
118,2018-11-03,65,7617,0,0,117.18461538461538,0.0,0.0,77.1.0,22.7
118,2018-11-05,1,155,0,0,155.0,0.0,0.0,77.1.0,22.7
118,2018-11-07,3,44,0,0,14.666666666666666,0.0,0.0,77.1.0,22.7
118,2018-11-11,43,2975,0,0,69.18604651162791,0.0,0.0,77.1.0,22.7
118,2018-11-15,31,561,0,0,18.096774193548388,0.0,0.0,77.1.0,22.7
118,2019-01-05,3,39,0,0,13.0,0.0,0.0,77.3.0,22.7
118,2019-01-09,402,445326,0,0,1107.7761194029852,0.0,0.0,77.3.0,22.7
120,2018-10-19,4023,2081473,5,0,517.3932388764604,0.0012428535918468805,0.0,77.1.0,22.7
120,2018-10-20,3105,554217,4,0,178.49178743961352,0.0012882447665056361,0.0,77.1.0,22.7
120,2018-10-21,799,229853,3,0,287.6758448060075,0.0037546933667083854,0.0,77.1.0,22.7
120,2018-10-22,826,76284,4,0,92.35351089588377,0.004842615012106538,0.0,77.1.0,22.7
120,2018-10-23,836,321501,5,0,384.5705741626794,0.005980861244019139,0.0,77.1.0,22.7
120,2018-10-24,2144,923821,5,0,430.8866604477612,0.0023320895522388058,0.0,77.1.0,22.7
120,2018-10-25,1148,102600,2,0,89.37282229965157,0.0017421602787456446,0.0,77.1.0,22.7
120,2018-10-26,7298,775434,2,0,106.25294601260619,0.0002740476842970677,0.0,77.1.0,22.7
120,2018-10-27,132,8261,0,0,62.583333333333336,0.0,0.0,77.1.0,22.7
120,2018-10-28,145,85204,1,0,587.6137931034483,0.006896551724137931,0.0,77.1.0,22.7
120,2018-10-30,39,10936,0,0,280.4102564102564,0.0,0.0,77.1.0,22.7
120,2018-11-01,2404,183726,3,0,76.4251247920133,0.0012479201331114808,0.0,77.1.0,22.7
120,2018-11-03,1078,546577,1,0,507.02875695732837,0.0009276437847866419,0.0,77.1.0,22.7
120,2018-11-05,572,110813,1,0,193.729020979021,0.0017482517482517483,0.0,77.1.0,22.7
120,2018-11-07,3097,536989,2,0,173.3900548918308,0.0006457862447529867,0.0,77.1.0,22.7
120,2018-11-09,243,111004,0,0,456.8065843621399,0.0,0.0,77.1.0,22.7
120,2018-11-11,160,18225,2,0,113.90625,0.0125,0.0,77.1.0,22.7
120,2018-11-13,1077,907953,0,0,843.0389972144847,0.0,0.0,77.1.0,22.7
120,2018-11-15,31,11084,0,0,357.5483870967742,0.0,0.0,77.1.0,22.7
120,2019-01-05,3279,65469,0,0,19.96614821591949,0.0,0.0,77.3.0,22.7
120,2019-01-07,1547,660067,0,0,426.6755009696186,0.0,0.0,77.3.0,22.7
120,2019-01-09,1347,400169,2,0,297.0816629547142,0.0014847809948032665,0.0,77.3.0,22.7
120,2019-01-11,8,8532,0,0,1066.5,0.0,0.0,77.3.0,22.7
121,2018-10-19,1821,152079,1,0,83.51400329489292,0.0005491488193300384,0.0,77.1.0,22.7
121,2018-10-20,1124,298984,1,0,266.0,0.0008896797153024911,0.0,77.1.0,22.7
121,2018-10-21,11399,332535,2,0,29.172295815422405,0.00017545398719185894,0.0,77.1.0,22.7
121,2018-10-22,8622,922118,4,0,106.94943168638368,0.00046392948271862676,0.0,77.1.0,22.7
121,2018-10-23,2662,480288,1,0,180.4237415477085,0.0003756574004507889,0.0,77.1.0,22.7
121,2018-10-24,3708,446034,2,0,120.28964401294499,0.0005393743257820927,0.0,77.1.0,22.7
121,2018-10-25,3376,1252962,3,0,371.1380331753555,0.0008886255924170616,0.0,77.1.0,22.7
121,2018-10-26,1320,566757,2,0,429.36136363636365,0.0015151515151515152,0.0,77.1.0,22.7
121,2018-10-28,4476,39053,2,0,8.724977658623772,0.00044682752457551384,0.0,77.1.0,22.7
121,2018-10-30,128,16306,0,0,127.390625,0.0,0.0,77.1.0,22.7
121,2018-11-01,409,431703,1,0,1055.5085574572126,0.0024449877750611247,0.0,77.1.0,22.7
121,2018-11-03,808,123655,2,0,153.03836633663366,0.0024752475247524753,0.0,77.1.0,22.7
121,2018-11-05,171,1892,0,0,11.064327485380117,0.0,0.0,77.1.0,22.7
121,2018-11-07,48,8727,2,0,181.8125,0.041666666666666664,0.0,77.1.0,22.7
121,2018-11-09,334,341666,2,0,1022.9520958083832,0.005988023952095809,0.0,77.1.0,22.7
121,2018-11-11,4008,1128234,1,0,281.4955089820359,0.000249500998003992,0.0,77.1.0,22.7
121,2018-11-13,12,3546,0,0,295.5,0.0,0.0,77.1.0,22.7
121,2018-11-15,181,67955,0,0,375.44198895027625,0.0,0.0,77.1.0,22.7
121,2019-01-05,24,4659,0,0,194.125,0.0,0.0,77.3.0,22.7
121,2019-01-07,248,131054,0,0,528.4435483870968,0.0,0.0,77.3.0,22.7
121,2019-01-09,499,55137,2,0,110.49498997995993,0.004008016032064128,0.0,77.3.0,22.7
121,2019-01-11,250,74917,0,0,299.668,0.0,0.0,77.3.0,22.7
122,2018-10-19,1629,388826,0,0,238.68999386126458,0.0,0.0,77.1.0,22.7
122,2018-10-20,943,86621,6,0,91.85683987274655,0.006362672322375398,0.0,77.1.0,22.7
122,2018-10-21,7734,139941,2,0,18.094259115593484,0.0002585983966899405,0.0,77.1.0,22.7
122,2018-10-22,2007,437531,10,0,218.0024912805182,0.004982561036372696,0.0,77.1.0,22.7
122,2018-10-23,1081,418365,1,0,387.0166512488437,0.0009250693802035153,0.0,77.1.0,22.7
122,2018-10-24,445,43132,3,0,96.92584269662922,0.006741573033707865,0.0,77.1.0,22.7
122,2018-10-25,1554,494356,4,0,318.1184041184041,0.002574002574002574,0.0,77.1.0,22.7
122,2018-10-26,2504,264513,7,0,105.6361821086262,0.0027955271565495207,0.0,77.1.0,22.7
122,2018-10-28,3128,439129,1,0,140.38650895140665,0.00031969309462915604,0.0,77.1.0,22.7
122,2018-10-30,876,329112,1,0,375.6986301369863,0.001141552511415525,0.0,77.1.0,22.7
122,2018-10-31,1,255,0,0,255.0,0.0,0.0,77.1.0,22.7
122,2018-11-01,99,9476,0,0,95.71717171717172,0.0,0.0,77.1.0,22.7
122,2018-11-03,4317,601606,0,0,139.35742413713226,0.0,0.0,77.1.0,22.7
122,2018-11-05,4,76,0,0,19.0,0.0,0.0,77.1.0,22.7
122,2018-11-07,1625,54781,1,0,33.71138461538462,0.0006153846153846154,0.0,77.1.0,22.7
122,2018-11-09,231,75709,1,0,327.7445887445887,0.004329004329004329,0.0,77.1.0,22.7
122,2018-11-11,76,12253,0,0,161.22368421052633,0.0,0.0,77.1.0,22.7
122,2018-11-13,1135,34167,1,0,30.10308370044053,0.000881057268722467,0.0,77.1.0,22.7
122,2018-11-15,9,1730,0,0,192.22222222222223,0.0,0.0,77.1.0,22.7
122,2019-01-05,39,6345,1,0,162.69230769230768,0.02564102564102564,0.0,77.3.0,22.7
122,2019-01-07,108,19716,2,0,182.55555555555554,0.018518518518518517,0.0,77.3.0,22.7
122,2019-01-09,67,46371,0,0,692.1044776119403,0.0,0.0,77.3.0,22.7
122,2019-01-11,6,174,0,0,29.0,0.0,0.0,77.3.0,22.7
301,2018-10-19,3896,1195303,2,0,306.8026180698152,0.000513347022587269,0.0,77.1.0,22.7
301,2018-10-20,1393,148638,5,0,106.7035175879397,0.003589375448671931,0.0,77.1.0,22.7
301,2018-10-21,1558,231086,1,0,148.3222079589217,0.0006418485237483953,0.0,77.1.0,22.7
301,2018-10-22,1506,345279,3,0,229.26892430278883,0.00199203187250996,0.0,77.1.0,22.7
301,2018-10-23,427,325747,2,0,762.8735362997658,0.00468384074941452,0.0,77.1.0,22.7
301,2018-10-24,1409,92271,2,0,65.48687012065295,0.0014194464158978,0.0,77.1.0,22.7
301,2018-10-25,292,108402,0,0,371.23972602739724,0.0,0.0,77.1.0,22.7
301,2018-10-26,330,35557,2,0,107.74848484848485,0.006060606060606061,0.0,77.1.0,22.7
301,2018-10-28,527,221909,2,0,421.0796963946869,0.003795066413662239,0.0,77.1.0,22.7
301,2018-10-30,1383,105378,3,0,76.19522776572668,0.0021691973969631237,0.0,77.1.0,22.7
301,2018-11-01,186,56672,1,0,304.68817204301075,0.005376344086021506,0.0,77.1.0,22.7
301,2018-11-03,1528,228134,1,0,149.3023560209424,0.0006544502617801048,0.0,77.1.0,22.7
301,2018-11-05,355,99466,1,0,280.18591549295775,0.0028169014084507044,0.0,77.1.0,22.7
301,2018-11-07,6,1152,0,0,192.0,0.0,0.0,77.1.0,22.7
301,2018-11-09,327,42678,1,0,130.5137614678899,0.0030581039755351682,0.0,77.1.0,22.7
301,2018-11-11,1,3,0,0,3.0,0.0,0.0,77.1.0,22.7
301,2018-11-13,378,92759,0,0,245.3941798941799,0.0,0.0,77.1.0,22.7
301,2018-11-15,3,108,0,0,36.0,0.0,0.0,77.1.0,22.7
301,2019-01-05,4,3851,0,0,962.75,0.0,0.0,77.3.0,22.7
301,2019-01-07,1501,214230,1,0,142.72485009993338,0.0006662225183211193,0.0,77.3.0,22.7
301,2019-01-09,133,8697,0,0,65.39097744360902,0.0,0.0,77.3.0,22.7
301,2019-01-11,60,14351,0,0,239.18333333333334,0.0,0.0,77.3.0,22.7
302,2018-10-19,4698,826407,3,0,175.90613026819923,0.0006385696040868455,0.0,77.1.0,22.7
302,2018-10-20,30690,739127,1,0,24.083642880417074,3.258390355164549e-05,0.0,77.1.0,22.7
302,2018-10-21,1137,140608,1,0,123.66578715919086,0.0008795074758135445,0.0,77.1.0,22.7
302,2018-10-22,17509,605437,5,0,34.578616711405566,0.0002855674224684448,0.0,77.1.0,22.7
302,2018-10-23,25607,3013315,3,0,117.67544030929042,0.00011715546530245635,0.0,77.1.0,22.7
302,2018-10-24,237464,9634793,3,0,40.57369959235926,1.263349391907826e-05,0.0,77.1.0,22.7
302,2018-10-25,1935,540323,3,0,279.23669250646,0.0015503875968992248,0.0,77.1.0,22.7
302,2018-10-26,8103,1330310,3,0,164.17499691472295,0.00037023324694557573,0.0,77.1.0,22.7
302,2018-10-28,21521,748967,3,0,34.801682077970355,0.00013939872682496168,0.0,77.1.0,22.7
302,2018-10-30,4418,1027680,4,0,232.61204164780443,0.0009053870529651426,0.0,77.1.0,22.7
302,2018-11-01,1535,144254,0,0,93.97654723127036,0.0,0.0,77.1.0,22.7
302,2018-11-03,681,57938,1,0,85.07782672540382,0.0014684287812041115,0.0,77.1.0,22.7
302,2018-11-05,23043,2295680,5,0,99.6259167643102,0.00021698563555092653,0.0,77.1.0,22.7
302,2018-11-07,9901,1897823,2,0,191.67993132006868,0.000201999798000202,0.0,77.1.0,22.7
302,2018-11-09,239,31512,0,0,131.84937238493723,0.0,0.0,77.1.0,22.7
302,2018-11-11,4378,2398149,0,0,547.7727272727273,0.0,0.0,77.1.0,22.7
302,2018-11-13,407,96042,0,0,235.97542997543,0.0,0.0,77.1.0,22.7
302,2018-11-15,88,2931,0,0,33.30681818181818,0.0,0.0,77.1.0,22.7
302,2019-01-05,276,67834,1,0,245.7753623188406,0.0036231884057971015,0.0,77.3.0,22.7
302,2019-01-07,406,28553,1,0,70.32758620689656,0.0024630541871921183,0.0,77.3.0,22.7
302,2019-01-09,15556,1297240,4,0,83.39161738236051,0.00025713551041398817,0.0,77.3.0,22.7
302,2019-01-11,402,26566,1,0,66.08457711442786,0.0024875621890547263,0.0,77.3.0,22.7
303,2018-10-19,13212,825317,6,0,62.46722676354829,0.00045413260672116256,0.0,77.1.0,22.7
303,2018-10-20,4507,404318,6,0,89.70889727091192,0.0013312624805857556,0.0,77.1.0,22.7
303,2018-10-21,13795,5554711,2,0,402.6611815875317,0.00014498006524102936,0.0,77.1.0,22.7
303,2018-10-22,20367,6592217,1,0,323.67147837187605,4.909903274905484e-05,0.0,77.1.0,22.7
303,2018-10-23,8940,581534,1,0,65.04854586129754,0.00011185682326621924,0.0,77.1.0,22.7
303,2018-10-24,1466,753150,1,0,513.7448840381992,0.0006821282401091405,0.0,77.1.0,22.7
303,2018-10-25,2220,403903,1,0,181.93828828828828,0.00045045045045045046,0.0,77.1.0,22.7
303,2018-10-26,7670,4134459,7,0,539.0428943937419,0.0009126466753585397,0.0,77.1.0,22.7
303,2018-10-28,2070,593408,1,0,286.6705314009662,0.0004830917874396135,0.0,77.1.0,22.7
303,2018-10-30,10715,257596,2,0,24.04069062062529,0.00018665422305179653,0.0,77.1.0,22.7
303,2018-11-01,2942,365815,2,0,124.34228416043509,0.0006798096532970768,0.0,77.1.0,22.7
303,2018-11-03,4303,2408983,1,0,559.8380199860562,0.00023239600278875203,0.0,77.1.0,22.7
303,2018-11-05,13616,349418,0,0,25.662309048178614,0.0,0.0,77.1.0,22.7
303,2018-11-07,1708,1323726,3,0,775.0152224824355,0.001756440281030445,0.0,77.1.0,22.7
303,2018-11-09,1553,397381,3,0,255.87958789439793,0.0019317450096587251,0.0,77.1.0,22.7
303,2018-11-11,1187,857651,0,0,722.5366470092671,0.0,0.0,77.1.0,22.7
303,2018-11-13,3575,151577,0,0,42.39916083916084,0.0,0.0,77.1.0,22.7
303,2018-11-15,8,342,0,0,42.75,0.0,0.0,77.1.0,22.7
303,2018-11-17,3,1254,0,0,418.0,0.0,0.0,77.1.0,22.7
303,2018-11-19,1,209,1,0,209.0,1.0,0.0,77.1.0,22.7
303,2019-01-05,121,94528,0,0,781.2231404958678,0.0,0.0,77.3.0,22.7
303,2019-01-07,1036,412096,0,0,397.7760617760618,0.0,0.0,77.3.0,22.7
303,2019-01-09,7174,2197541,4,0,306.32018399776973,0.0005575689991636465,0.0,77.3.0,22.7
303,2019-01-11,2,512,0,0,256.0,0.0,0.0,77.3.0,22.7
304,2018-10-19,1574,138766,4,0,88.16137229987294,0.0025412960609911056,0.0,77.1.0,22.7
304,2018-10-20,1365,87808,0,0,64.32820512820513,0.0,0.0,77.1.0,22.7
304,2018-10-21,8089,226568,5,0,28.009395475336877,0.0006181233774261342,0.0,77.1.0,22.7
304,2018-10-22,9474,4931266,1,0,520.5051720498205,0.00010555203715431708,0.0,77.1.0,22.7
304,2018-10-23,936,234654,6,0,250.69871794871796,0.00641025641025641,0.0,77.1.0,22.7
304,2018-10-24,6533,746211,2,0,114.22179703046073,0.00030613806826878924,0.0,77.1.0,22.7
304,2018-10-25,1170,137926,3,0,117.88547008547009,0.002564102564102564,0.0,77.1.0,22.7
304,2018-10-26,8301,1161815,3,0,139.9608480905915,0.0003614022406938923,0.0,77.1.0,22.7
304,2018-10-28,14140,1014907,2,0,71.77560113154172,0.00014144271570014144,0.0,77.1.0,22.7
304,2018-10-30,6433,837986,5,0,130.26364060314006,0.00077724234416291,0.0,77.1.0,22.7
304,2018-11-01,538,358492,1,0,666.3420074349442,0.0018587360594795538,0.0,77.1.0,22.7
304,2018-11-03,615,120640,2,0,196.16260162601625,0.0032520325203252032,0.0,77.1.0,22.7
304,2018-11-05,330,219509,0,0,665.1787878787878,0.0,0.0,77.1.0,22.7
304,2018-11-07,357,32167,0,0,90.10364145658264,0.0,0.0,77.1.0,22.7
304,2018-11-09,1161,45561,2,0,39.24289405684755,0.0017226528854435831,0.0,77.1.0,22.7
304,2018-11-11,71,167754,0,0,2362.7323943661972,0.0,0.0,77.1.0,22.7
304,2018-11-13,60,1307,0,0,21.783333333333335,0.0,0.0,77.1.0,22.7
304,2019-01-05,173,19062,1,0,110.18497109826589,0.005780346820809248,0.0,77.3.0,22.7
304,2019-01-07,1021,227916,1,0,223.22820763956906,0.0009794319294809011,0.0,77.3.0,22.7
304,2019-01-09,116,79088,0,0,681.7931034482758,0.0,0.0,77.3.0,22.7
304,2019-01-11,261,73707,1,0,282.4022988505747,0.0038314176245210726,0.0,77.3.0,22.7
305,2018-10-19,31138,3580121,0,0,114.97594578971032,0.0,0.0,77.1.0,22.7
305,2018-10-20,19842,5133213,6,0,258.7044148775325,0.0003023888720895071,0.0,77.1.0,22.7
305,2018-10-21,2983,1777967,1,0,596.0331880657056,0.00033523298692591353,0.0,77.1.0,22.7
305,2018-10-22,1345,392892,3,0,292.11301115241633,0.0022304832713754648,0.0,77.1.0,22.7
305,2018-10-23,5128,2962088,1,0,577.6302652106084,0.0001950078003120125,0.0,77.1.0,22.7
305,2018-10-24,15713,3644442,2,0,231.93801311016355,0.00012728314134792846,0.0,77.1.0,22.7
305,2018-10-25,2034,1108655,1,0,545.0614552605703,0.0004916420845624386,0.0,77.1.0,22.7
305,2018-10-26,13419,3644533,5,0,271.5949772710336,0.00037260600640882333,0.0,77.1.0,22.7
305,2018-10-28,2315,1108076,3,0,478.65053995680347,0.0012958963282937365,0.0,77.1.0,22.7
305,2018-10-30,2448,251863,3,0,102.88521241830065,0.0012254901960784314,0.0,77.1.0,22.7
305,2018-11-01,4899,112063,1,0,22.874668299652992,0.00020412329046744235,0.0,77.1.0,22.7
305,2018-11-03,4429,267117,2,0,60.310905396251975,0.0004515692029803567,0.0,77.1.0,22.7
305,2018-11-05,15339,3439605,2,0,224.23919421083514,0.0001303865962579047,0.0,77.1.0,22.7
305,2018-11-07,204,209917,2,0,1029.0049019607843,0.00980392156862745,0.0,77.1.0,22.7
305,2018-11-09,1197,380956,2,0,318.25898078529656,0.001670843776106934,0.0,77.1.0,22.7
305,2018-11-11,569,113796,1,0,199.99297012302284,0.0017574692442882249,0.0,77.1.0,22.7
305,2019-01-05,727,76484,0,0,105.20495185694635,0.0,0.0,77.3.0,22.7
305,2019-01-07,1151,322315,0,0,280.0304083405734,0.0,0.0,77.3.0,22.7
305,2019-01-09,1889,354662,1,0,187.7511911064055,0.0005293806246691371,0.0,77.3.0,22.7
305,2019-01-11,858,238229,0,0,277.65617715617714,0.0,0.0,77.3.0,22.7
306,2018-10-19,302,45177,5,0,149.59271523178808,0.016556291390728478,0.0,77.1.0,22.7
306,2018-10-20,65,10717,1,0,164.87692307692308,0.015384615384615385,0.0,77.1.0,22.7
306,2018-10-21,95,15305,0,0,161.10526315789474,0.0,0.0,77.1.0,22.7
306,2018-10-22,138,25985,0,0,188.29710144927537,0.0,0.0,77.1.0,22.7
306,2018-10-23,261,76273,1,0,292.2337164750958,0.0038314176245210726,0.0,77.1.0,22.7
306,2018-10-24,275,18451,1,0,67.09454545454545,0.0036363636363636364,0.0,77.1.0,22.7
306,2018-10-25,64,1343,0,0,20.984375,0.0,0.0,77.1.0,22.7
306,2018-10-26,71,8028,1,0,113.07042253521126,0.014084507042253521,0.0,77.1.0,22.7
306,2018-10-28,134,29032,1,0,216.65671641791045,0.007462686567164179,0.0,77.1.0,22.7
306,2018-10-30,359,43164,1,0,120.23398328690807,0.002785515320334262,0.0,77.1.0,22.7
306,2018-11-01,3,385,0,0,128.33333333333334,0.0,0.0,77.1.0,22.7
306,2018-11-03,28,6917,1,0,247.03571428571428,0.03571428571428571,0.0,77.1.0,22.7
306,2018-11-05,210,8570,0,0,40.80952380952381,0.0,0.0,77.1.0,22.7
306,2018-11-07,44,21070,0,0,478.8636363636364,0.0,0.0,77.1.0,22.7
306,2018-11-09,5,1676,0,0,335.2,0.0,0.0,77.1.0,22.7
306,2018-11-11,46,207,0,0,4.5,0.0,0.0,77.1.0,22.7
306,2018-11-13,11,83,0,0,7.545454545454546,0.0,0.0,77.1.0,22.7
306,2018-11-15,3,363,0,0,121.0,0.0,0.0,77.1.0,22.7
306,2018-11-19,1,199,0,0,199.0,0.0,0.0,77.1.0,22.7
306,2019-01-05,55,465,0,0,8.454545454545455,0.0,0.0,77.3.0,22.7
306,2019-01-07,203,2687,1,0,13.236453201970443,0.0049261083743842365,0.0,77.3.0,22.7
306,2019-01-09,1,9,0,0,9.0,0.0,0.0,77.3.0,22.7
306,2019-01-11,1,1655,0,0,1655.0,0.0,0.0,77.3.0,22.7
307,2018-10-19,13,1291,0,0,99.3076923076923,0.0,0.0,77.1.0,22.7
307,2018-10-20,644,91356,1,0,141.85714285714286,0.0015527950310559005,0.0,77.1.0,22.7
307,2018-10-21,534,267850,2,0,501.5917602996255,0.003745318352059925,0.0,77.1.0,22.7
307,2018-10-22,700,186875,2,0,266.9642857142857,0.002857142857142857,0.0,77.1.0,22.7
307,2018-10-23,378,31384,5,0,83.02645502645503,0.013227513227513227,0.0,77.1.0,22.7
307,2018-10-24,25,1222,1,0,48.88,0.04,0.0,77.1.0,22.7
307,2018-10-25,203,4882,0,0,24.049261083743843,0.0,0.0,77.1.0,22.7
307,2018-10-26,123,10298,1,0,83.72357723577235,0.008130081300813009,0.0,77.1.0,22.7
307,2018-10-28,60,33059,1,0,550.9833333333333,0.016666666666666666,0.0,77.1.0,22.7
307,2018-10-30,403,128926,3,0,319.9156327543424,0.007444168734491315,0.0,77.1.0,22.7
307,2018-11-01,54,4525,0,0,83.79629629629629,0.0,0.0,77.1.0,22.7
307,2018-11-03,369,216615,2,0,587.0325203252032,0.005420054200542005,0.0,77.1.0,22.7
307,2018-11-05,87,75066,0,0,862.8275862068965,0.0,0.0,77.1.0,22.7
307,2018-11-07,4004,90620,1,0,22.632367632367632,0.00024975024975024975,0.0,77.1.0,22.7
307,2018-11-09,25,826,1,0,33.04,0.04,0.0,77.1.0,22.7
307,2018-11-11,1,6,0,0,6.0,0.0,0.0,77.1.0,22.7
307,2019-01-05,64,28392,1,0,443.625,0.015625,0.0,77.3.0,22.7
307,2019-01-07,1,220,1,0,220.0,1.0,0.0,77.3.0,22.7
307,2019-01-09,2644,497648,1,0,188.2178517397882,0.00037821482602118004,0.0,77.3.0,22.7
307,2019-01-11,11,2230,1,0,202.72727272727272,0.09090909090909091,0.0,77.3.0,22.7
308,2018-10-19,1706,293858,6,0,172.24970691676435,0.0035169988276670576,0.0,77.1.0,22.7
308,2018-10-20,3296,279037,3,0,84.65928398058253,0.0009101941747572816,0.0,77.1.0,22.7
308,2018-10-21,6597,598644,4,0,90.74488403819917,0.0006063362134303471,0.0,77.1.0,22.7
308,2018-10-22,286,90641,0,0,316.92657342657344,0.0,0.0,77.1.0,22.7
308,2018-10-23,5769,258573,3,0,44.82111284451378,0.0005200208008320333,0.0,77.1.0,22.7
308,2018-10-24,2242,261629,1,0,116.69446922390722,0.00044603033006244426,0.0,77.1.0,22.7
308,2018-10-25,137,14780,3,0,107.88321167883211,0.021897810218978103,0.0,77.1.0,22.7
308,2018-10-26,8074,702563,3,0,87.01548179341094,0.0003715630418627694,0.0,77.1.0,22.7
308,2018-10-28,1008,94372,1,0,93.62301587301587,0.000992063492063492,0.0,77.1.0,22.7
308,2018-10-30,5881,111884,2,0,19.024655670804286,0.0003400782179901377,0.0,77.1.0,22.7
308,2018-11-01,1824,645229,1,0,353.7439692982456,0.0005482456140350877,0.0,77.1.0,22.7
308,2018-11-03,291,102391,2,0,351.8591065292096,0.006872852233676976,0.0,77.1.0,22.7
308,2018-11-05,2633,125473,1,0,47.65400683630839,0.00037979491074819596,0.0,77.1.0,22.7
308,2018-11-07,744,42064,0,0,56.53763440860215,0.0,0.0,77.1.0,22.7
308,2018-11-09,200,37730,1,0,188.65,0.005,0.0,77.1.0,22.7
308,2018-11-13,54,1253,0,0,23.203703703703702,0.0,0.0,77.1.0,22.7
308,2019-01-05,1038,186235,1,0,179.41714836223505,0.0009633911368015414,0.0,77.3.0,22.7
308,2019-01-07,1448,391341,1,0,270.2631215469613,0.0006906077348066298,0.0,77.3.0,22.7
308,2019-01-09,201,24628,1,0,122.5273631840796,0.004975124378109453,0.0,77.3.0,22.7
308,2019-01-11,90,33135,0,0,368.1666666666667,0.0,0.0,77.3.0,22.7
308,2019-03-20,7,877,0,0,125.28571428571429,0.0,0.0,77.4.0,22.7
309,2018-10-19,6320,1057170,11,0,167.2737341772152,0.001740506329113924,0.0,77.1.0,22.7
309,2018-10-20,14062,3470058,4,0,246.76845398947518,0.0002844545583842981,0.0,77.1.0,22.7
309,2018-10-21,2093,168992,4,0,80.741519350215,0.0019111323459149545,0.0,77.1.0,22.7
309,2018-10-22,22190,1341243,8,0,60.44357818837314,0.0003605227579990987,0.0,77.1.0,22.7
309,2018-10-23,3807,1898932,2,0,498.8001050696086,0.0005253480430785396,0.0,77.1.0,22.7
309,2018-10-24,5158,621037,5,0,120.40267545560295,0.0009693679720822024,0.0,77.1.0,22.7
309,2018-10-25,7187,2384746,3,0,331.81383052734105,0.0004174203422846807,0.0,77.1.0,22.7
309,2018-10-26,2111,130497,2,0,61.817621980104214,0.0009474182851729038,0.0,77.1.0,22.7
309,2018-10-28,1296,115154,7,0,88.85339506172839,0.005401234567901234,0.0,77.1.0,22.7
309,2018-10-30,18735,749110,2,0,39.984520950093405,0.00010675206832132372,0.0,77.1.0,22.7
309,2018-11-01,1445,89444,1,0,61.898961937716265,0.0006920415224913495,0.0,77.1.0,22.7
309,2018-11-03,1382,545652,2,0,394.8277858176556,0.001447178002894356,0.0,77.1.0,22.7
309,2018-11-05,1812,881994,2,0,486.75165562913907,0.0011037527593818985,0.0,77.1.0,22.7
309,2018-11-07,579,58378,1,0,100.82556131260795,0.0017271157167530224,0.0,77.1.0,22.7
309,2018-11-09,8824,1973066,5,0,223.60222121486854,0.0005666364460562103,0.0,77.1.0,22.7
309,2018-11-11,17740,327843,1,0,18.4804396843292,5.636978579481398e-05,0.0,77.1.0,22.7
309,2018-11-13,805,186575,1,0,231.77018633540374,0.0012422360248447205,0.0,77.1.0,22.7
309,2018-11-15,6,425,0,0,70.83333333333333,0.0,0.0,77.1.0,22.7
309,2018-11-17,34,3748,0,0,110.23529411764706,0.0,0.0,77.1.0,22.7
309,2018-11-19,1,325,0,0,325.0,0.0,0.0,77.1.0,22.7
309,2019-01-05,2075,480284,2,0,231.4621686746988,0.0009638554216867469,0.0,77.3.0,22.7
309,2019-01-07,791,253384,7,0,320.33375474083437,0.008849557522123894,0.0,77.3.0,22.7
309,2019-01-09,113,28348,0,0,250.86725663716814,0.0,0.0,77.3.0,22.7
309,2019-01-11,852,309901,3,0,363.7335680751174,0.0035211267605633804,0.0,77.3.0,22.7
310,2018-10-20,13,2572,0,0,197.84615384615384,0.0,0.0,77.1.0,22.7
310,2018-10-23,3,38,0,0,12.666666666666666,0.0,0.0,77.1.0,22.7
310,2018-10-25,2,447,0,0,223.5,0.0,0.0,77.1.0,22.7
310,2018-11-09,1,81,0,0,81.0,0.0,0.0,77.1.0,22.7
501,2018-10-19,351,30168,1,0,85.94871794871794,0.002849002849002849,0.0,77.1.0,22.7
501,2018-10-20,439,37109,2,0,84.53075170842824,0.004555808656036446,0.0,77.1.0,22.7
501,2018-10-21,1374,58761,1,0,42.76637554585153,0.000727802037845706,0.0,77.1.0,22.7
501,2018-10-22,333,22087,0,0,66.32732732732732,0.0,0.0,77.1.0,22.7
501,2018-10-23,1684,563090,1,0,334.3764845605701,0.0005938242280285036,0.0,77.1.0,22.7
501,2018-10-24,119,66170,2,0,556.0504201680673,0.01680672268907563,0.0,77.1.0,22.7
501,2018-10-25,925,21346,0,0,23.076756756756758,0.0,0.0,77.1.0,22.7
501,2018-10-26,750,49501,1,0,66.00133333333333,0.0013333333333333333,0.0,77.1.0,22.7
501,2018-10-28,562,76317,2,0,135.79537366548044,0.0035587188612099642,0.0,77.1.0,22.7
501,2018-10-30,195,27329,0,0,140.14871794871794,0.0,0.0,77.1.0,22.7
501,2018-11-01,65,24729,0,0,380.44615384615383,0.0,0.0,77.1.0,22.7
501,2018-11-03,15,1358,0,0,90.53333333333333,0.0,0.0,77.1.0,22.7
501,2018-11-05,737,10169,1,0,13.797829036635006,0.0013568521031207597,0.0,77.1.0,22.7
501,2018-11-07,169,26324,1,0,155.76331360946745,0.005917159763313609,0.0,77.1.0,22.7
501,2018-11-09,14,7676,0,0,548.2857142857143,0.0,0.0,77.1.0,22.7
501,2018-11-11,15,663,0,0,44.2,0.0,0.0,77.1.0,22.7
501,2018-11-13,9,392,0,0,43.55555555555556,0.0,0.0,77.1.0,22.7
501,2018-11-15,4,30,0,0,7.5,0.0,0.0,77.1.0,22.7
501,2018-11-19,777,32355,0,0,41.640926640926644,0.0,0.0,77.1.0,22.7
501,2019-01-05,44,3666,0,0,83.31818181818181,0.0,0.0,77.3.0,22.7
501,2019-01-07,71,39714,0,0,559.3521126760563,0.0,0.0,77.3.0,22.7
501,2019-01-09,41,11021,1,0,268.8048780487805,0.024390243902439025,0.0,77.3.0,22.7
501,2019-01-11,528,53937,0,0,102.1534090909091,0.0,0.0,77.3.0,22.7
601,2018-10-19,1863,364569,3,0,195.6892109500805,0.001610305958132045,0.0,77.1.0,22.7
601,2018-10-20,1617,377999,2,0,233.7656153370439,0.0012368583797155227,0.0,77.1.0,22.7
601,2018-10-21,171,13329,1,0,77.94736842105263,0.005847953216374269,0.0,77.1.0,22.7
601,2018-10-22,568,331161,3,0,583.0299295774648,0.00528169014084507,0.0,77.1.0,22.7
601,2018-10-23,471,95633,1,0,203.04246284501062,0.0021231422505307855,0.0,77.1.0,22.7
601,2018-10-24,13,4643,2,0,357.15384615384613,0.15384615384615385,0.0,77.1.0,22.7
601,2018-10-25,1397,88969,3,0,63.685755189692195,0.0021474588403722263,0.0,77.1.0,22.7
601,2018-10-26,232,125691,0,0,541.7715517241379,0.0,0.0,77.1.0,22.7
601,2018-10-28,847,313754,2,0,370.4297520661157,0.0023612750885478157,0.0,77.1.0,22.7
601,2018-10-30,229,87742,2,0,383.1528384279476,0.008733624454148471,0.0,77.1.0,22.7
601,2018-11-01,46,8010,2,0,174.1304347826087,0.043478260869565216,0.0,77.1.0,22.7
601,2018-11-03,3,555,0,0,185.0,0.0,0.0,77.1.0,22.7
601,2018-11-05,5,1230,1,0,246.0,0.2,0.0,77.1.0,22.7
601,2018-11-07,478,72415,0,0,151.4958158995816,0.0,0.0,77.1.0,22.7
601,2018-11-09,1472,194307,3,0,132.00203804347825,0.0020380434782608695,0.0,77.1.0,22.7
601,2018-11-11,3009,48508,0,0,16.12097042206713,0.0,0.0,77.1.0,22.7
601,2018-11-13,20,773,0,0,38.65,0.0,0.0,77.1.0,22.7
601,2019-01-05,129,97089,0,0,752.6279069767442,0.0,0.0,77.3.0,22.7
601,2019-01-07,107,21845,0,0,204.15887850467288,0.0,0.0,77.3.0,22.7
601,2019-01-09,272,14822,1,0,54.49264705882353,0.003676470588235294,0.0,77.3.0,22.7
601,2019-01-11,444,14617,0,0,32.921171171171174,0.0,0.0,77.3.0,22.7
801,2018-10-19,743,616154,3,0,829.278600269179,0.004037685060565276,0.0,77.1.0,22.7
801,2018-10-20,1013,40701,0,0,40.1786771964462,0.0,0.0,77.1.0,22.7
801,2018-10-21,1340,853198,4,0,636.7149253731343,0.0029850746268656717,0.0,77.1.0,22.7
801,2018-10-22,401,74283,3,0,185.24438902743142,0.007481296758104738,0.0,77.1.0,22.7
801,2018-10-23,561,159247,5,0,283.8627450980392,0.008912655971479501,0.0,77.1.0,22.7
801,2018-10-24,4870,847769,4,0,174.0798767967146,0.0008213552361396304,0.0,77.1.0,22.7
801,2018-10-25,2587,581733,4,0,224.86780054116738,0.0015461925009663702,0.0,77.1.0,22.7
801,2018-10-26,878,507781,1,0,578.3382687927107,0.0011389521640091116,0.0,77.1.0,22.7
801,2018-10-28,1021,172259,1,0,168.71596474045054,0.0009794319294809011,0.0,77.1.0,22.7
801,2018-10-30,1357,678697,1,0,500.1451731761238,0.0007369196757553427,0.0,77.1.0,22.7
801,2018-11-01,1693,199380,3,0,117.76727702303603,0.0017720023626698169,0.0,77.1.0,22.7
801,2018-11-03,92,13386,0,0,145.5,0.0,0.0,77.1.0,22.7
801,2018-11-05,2089,189761,2,0,90.8382000957396,0.0009573958831977022,0.0,77.1.0,22.7
801,2018-11-07,892,198345,2,0,222.35986547085201,0.002242152466367713,0.0,77.1.0,22.7
801,2018-11-09,190,14201,0,0,74.7421052631579,0.0,0.0,77.1.0,22.7
801,2018-11-11,1,372,1,0,372.0,1.0,0.0,77.1.0,22.7
801,2018-11-13,22,15066,0,0,684.8181818181819,0.0,0.0,77.1.0,22.7
801,2018-11-15,14,3815,0,0,272.5,0.0,0.0,77.1.0,22.7
801,2018-11-19,2516,74546,0,0,29.62877583465819,0.0,0.0,77.1.0,22.7
801,2019-01-05,664,39504,1,0,59.493975903614455,0.0015060240963855422,0.0,77.3.0,22.7
801,2019-01-07,301,11870,1,0,39.435215946843854,0.0033222591362126247,0.0,77.3.0,22.7
801,2019-01-09,239,51655,1,0,216.12970711297072,0.0041841004184100415,0.0,77.3.0,22.7
901,2018-10-19,21813,2601758,1,0,119.27556961445009,4.584422133590061e-05,0.0,77.1.0,22.7
901,2018-10-20,21863,2522829,4,0,115.39262681242282,0.00018295750811873942,0.0,77.1.0,22.7
901,2018-10-21,32706,6832091,1,0,208.89411728734788,3.057542958478566e-05,0.0,77.1.0,22.7
901,2018-10-22,3507,207337,2,0,59.12090105503279,0.0005702879954376961,0.0,77.1.0,22.7
901,2018-10-23,23091,4007622,4,0,173.5577497726387,0.00017322766445801395,0.0,77.1.0,22.7
901,2018-10-24,27950,9219757,1,0,329.8660822898032,3.5778175313059034e-05,0.0,77.1.0,22.7
901,2018-10-25,1369,345405,3,0,252.30460189919648,0.002191380569758948,0.0,77.1.0,22.7
901,2018-10-26,440,107161,0,0,243.5477272727273,0.0,0.0,77.1.0,22.7
901,2018-10-28,5385,361636,1,0,67.15617455896007,0.00018570102135561745,0.0,77.1.0,22.7
901,2018-10-30,7349,4616570,0,0,628.1902299632603,0.0,0.0,77.1.0,22.7
901,2018-11-01,3784,1870593,0,0,494.3427589852009,0.0,0.0,77.1.0,22.7
901,2018-11-03,526,59800,0,0,113.68821292775665,0.0,0.0,77.1.0,22.7
901,2018-11-05,8058,4911977,0,0,609.5776867709109,0.0,0.0,77.1.0,22.7
901,2018-11-07,15121,906588,1,0,59.95555849480854,6.613319224918987e-05,0.0,77.1.0,22.7
901,2018-11-09,1673,463187,0,0,276.86013150029885,0.0,0.0,77.1.0,22.7
901,2018-11-11,171,11796,1,0,68.98245614035088,0.005847953216374269,0.0,77.1.0,22.7
901,2018-11-13,292,9852,1,0,33.73972602739726,0.003424657534246575,0.0,77.1.0,22.7
901,2018-11-15,253,15226,1,0,60.18181818181818,0.003952569169960474,0.0,77.1.0,22.7
901,2019-01-05,14399,1818815,3,0,126.31536912285576,0.00020834780193068963,0.0,77.3.0,22.7
901,2019-01-07,7994,992867,1,0,124.20152614460845,0.00012509382036527395,0.0,77.3.0,22.7
901,2019-01-09,604,268307,1,0,444.2168874172185,0.0016556291390728477,0.0,77.3.0,22.7
901,2019-01-11,14094,4665279,2,0,331.01170710940823,0.00014190435646374344,0.0,77.3.0,22.7
902,2018-10-19,15593,4180744,7,0,268.1167190405951,0.00044891938690438016,0.0,77.1.0,22.7
902,2018-10-20,51971,9438747,4,0,181.6156510361548,7.6966000269381e-05,0.0,77.1.0,22.7
902,2018-10-21,48004,1215438,4,0,25.3195150404133,8.332638946754438e-05,0.0,77.1.0,22.7
902,2018-10-22,52535,13396836,3,0,255.007823355858,5.7104787284667364e-05,0.0,77.1.0,22.7
902,2018-10-23,12442,1100881,5,0,88.4810319884263,0.00040186465198521136,0.0,77.1.0,22.7
902,2018-10-24,6172,661849,6,0,107.23412184057032,0.0009721322099805574,0.0,77.1.0,22.7
902,2018-10-25,28033,14646063,4,0,522.4579245888774,0.0001426889737095566,0.0,77.1.0,22.7
902,2018-10-26,7176,1084780,9,0,151.16778149386846,0.001254180602006689,0.0,77.1.0,22.7
902,2018-10-28,25642,1136570,2,0,44.324545667264644,7.799703611262772e-05,0.0,77.1.0,22.7
902,2018-10-30,3280,357200,1,0,108.90243902439025,0.0003048780487804878,0.0,77.1.0,22.7
902,2018-11-01,16050,2377974,2,0,148.1603738317757,0.00012461059190031152,0.0,77.1.0,22.7
902,2018-11-03,1377,334905,1,0,243.21350762527234,0.0007262164124909223,0.0,77.1.0,22.7
902,2018-11-05,420,46814,1,0,111.46190476190476,0.002380952380952381,0.0,77.1.0,22.7
902,2018-11-07,264,153229,1,0,580.4128787878788,0.003787878787878788,0.0,77.1.0,22.7
902,2018-11-09,17046,5547762,0,0,325.45828933474127,0.0,0.0,77.1.0,22.7
902,2018-11-11,658,204675,2,0,311.0562310030395,0.00303951367781155,0.0,77.1.0,22.7
902,2018-11-13,1066,5701,0,0,5.348030018761726,0.0,0.0,77.1.0,22.7
902,2018-11-15,16404,4065352,0,0,247.82687149475737,0.0,0.0,77.1.0,22.7
902,2018-11-17,36,214,0,0,5.944444444444445,0.0,0.0,77.1.0,22.7
902,2019-01-05,766,61474,1,0,80.2532637075718,0.0013054830287206266,0.0,77.3.0,22.7
902,2019-01-07,495,169294,2,0,342.0080808080808,0.00404040404040404,0.0,77.3.0,22.7
902,2019-01-09,120679,19410152,1,0,160.8411736921917,8.28644586050597e-06,0.0,77.3.0,22.7
902,2019-01-11,23440,1319265,2,0,56.282636518771334,8.532423208191126e-05,0.0,77.3.0,22.7
903,2018-10-19,6108,1228715,5,0,201.16486574983628,0.0008185985592665357,0.0,77.1.0,22.7
903,2018-10-20,9842,2039018,8,0,207.17516764885187,0.000812842918106076,0.0,77.1.0,22.7
903,2018-10-21,11887,5572954,4,0,468.8276268192143,0.0003365020610751241,0.0,77.1.0,22.7
903,2018-10-22,6065,1213982,4,0,200.16191261335533,0.0006595218466611707,0.0,77.1.0,22.7
903,2018-10-23,2356,793054,1,0,336.61035653650254,0.00042444821731748726,0.0,77.1.0,22.7
903,2018-10-24,11939,832484,2,0,69.7281179328252,0.00016751821760616466,0.0,77.1.0,22.7
903,2018-10-25,3781,1260244,3,0,333.3097064268712,0.0007934408886537953,0.0,77.1.0,22.7
903,2018-10-26,10467,4313159,5,0,412.0721314607815,0.0004776917932549919,0.0,77.1.0,22.7
903,2018-10-28,2373,940627,1,0,396.3872734934682,0.00042140750105351877,0.0,77.1.0,22.7
903,2018-10-30,1356,945464,1,0,697.2448377581121,0.0007374631268436578,0.0,77.1.0,22.7
903,2018-10-31,3,2385,0,0,795.0,0.0,0.0,77.1.0,22.7
903,2018-11-01,3009,1334292,0,0,443.4336989032901,0.0,0.0,77.1.0,22.7
903,2018-11-03,4116,435834,0,0,105.88775510204081,0.0,0.0,77.1.0,22.7
903,2018-11-05,104,54409,1,0,523.1634615384615,0.009615384615384616,0.0,77.1.0,22.7
903,2018-11-07,422,72020,1,0,170.66350710900474,0.002369668246445498,0.0,77.1.0,22.7
903,2018-11-09,4594,968572,2,0,210.83413147583806,0.00043535045711797995,0.0,77.1.0,22.7
903,2018-11-11,598,78254,1,0,130.85953177257525,0.0016722408026755853,0.0,77.1.0,22.7
903,2018-11-13,593,160854,1,0,271.2546374367622,0.0016863406408094434,0.0,77.1.0,22.7
903,2018-11-15,5072,317909,0,0,62.67921924290221,0.0,0.0,77.1.0,22.7
903,2018-11-17,20,5883,0,0,294.15,0.0,0.0,77.1.0,22.7
903,2019-01-05,1716,468881,2,0,273.240675990676,0.0011655011655011655,0.0,77.3.0,22.7
903,2019-01-07,1283,375737,0,0,292.8581449727202,0.0,0.0,77.3.0,22.7
903,2019-01-09,737,90449,0,0,122.7259158751696,0.0,0.0,77.3.0,22.7
903,2019-01-11,2447,422084,1,0,172.49039640375972,0.0004086636697997548,0.0,77.3.0,22.7
903,2019-03-12,1,2368,0,0,2368.0,0.0,0.0,77.4.0,22.7
904,2018-10-19,98,36127,1,0,368.64285714285717,0.01020408163265306,0.0,77.1.0,22.7
904,2018-10-20,16301,1103230,3,0,67.67867002024416,0.0001840377890926937,0.0,77.1.0,22.7
904,2018-10-21,18786,6501004,4,0,346.0557862237837,0.00021292451825827744,0.0,77.1.0,22.7
904,2018-10-22,523,33902,1,0,64.82217973231357,0.0019120458891013384,0.0,77.1.0,22.7
904,2018-10-23,6441,927708,4,0,144.0316721006055,0.0006210215804999224,0.0,77.1.0,22.7
904,2018-10-24,2988,668052,2,0,223.57831325301206,0.0006693440428380187,0.0,77.1.0,22.7
904,2018-10-25,3874,573031,3,0,147.9171399070728,0.0007743933918430562,0.0,77.1.0,22.7
904,2018-10-26,7071,4138032,2,0,585.211709800594,0.000282845424975251,0.0,77.1.0,22.7
904,2018-10-28,2575,2591677,0,0,1006.476504854369,0.0,0.0,77.1.0,22.7
904,2018-10-30,7977,5314706,3,0,666.2537294722326,0.000376081233546446,0.0,77.1.0,22.7
904,2018-11-01,840,79581,1,0,94.73928571428571,0.0011904761904761906,0.0,77.1.0,22.7
904,2018-11-03,7953,3531031,0,0,443.98730038979,0.0,0.0,77.1.0,22.7
904,2018-11-05,2504,411741,1,0,164.43330670926517,0.00039936102236421724,0.0,77.1.0,22.7
904,2018-11-07,4962,184256,2,0,37.13341394598952,0.00040306328093510683,0.0,77.1.0,22.7
904,2018-11-09,30,10081,0,0,336.03333333333336,0.0,0.0,77.1.0,22.7
904,2018-11-11,2419,419616,0,0,173.46672178586192,0.0,0.0,77.1.0,22.7
904,2018-11-13,198,74226,0,0,374.8787878787879,0.0,0.0,77.1.0,22.7
904,2018-11-17,2,33,0,0,16.5,0.0,0.0,77.1.0,22.7
904,2019-01-05,2009,142906,4,0,71.13290194126431,0.001991040318566451,0.0,77.3.0,22.7
904,2019-01-07,742,128700,2,0,173.4501347708895,0.0026954177897574125,0.0,77.3.0,22.7
904,2019-01-09,1194,120203,1,0,100.67252931323283,0.0008375209380234506,0.0,77.3.0,22.7
904,2019-01-11,716,228432,0,0,319.0391061452514,0.0,0.0,77.3.0,22.7
1001,2018-10-19,77,64490,1,0,837.5324675324675,0.012987012987012988,0.0,77.1.0,22.7
1001,2018-10-20,7,5588,0,0,798.2857142857143,0.0,0.0,77.1.0,22.7
1001,2018-10-21,9,1685,2,0,187.22222222222223,0.2222222222222222,0.0,77.1.0,22.7
1001,2018-10-22,5,847,0,0,169.4,0.0,0.0,77.1.0,22.7
1001,2018-10-23,2,29,0,0,14.5,0.0,0.0,77.1.0,22.7
1001,2018-10-24,69,34804,1,0,504.40579710144925,0.014492753623188406,0.0,77.1.0,22.7
1001,2018-10-26,46,28692,0,0,623.7391304347826,0.0,0.0,77.1.0,22.7
1001,2018-10-28,7,4736,0,0,676.5714285714286,0.0,0.0,77.1.0,22.7
1001,2018-10-30,69,46818,0,0,678.5217391304348,0.0,0.0,77.1.0,22.7
1001,2018-11-05,19,23190,0,0,1220.5263157894738,0.0,0.0,77.1.0,22.7
1001,2018-11-07,18,1824,0,0,101.33333333333333,0.0,0.0,77.1.0,22.7
1001,2018-11-09,35,904,0,0,25.82857142857143,0.0,0.0,77.1.0,22.7
1001,2018-11-13,1,30,0,0,30.0,0.0,0.0,77.1.0,22.7
1001,2019-01-07,6,3449,0,0,574.8333333333334,0.0,0.0,77.3.0,22.7
1001,2019-01-09,3,133,0,0,44.333333333333336,0.0,0.0,77.3.0,22.7
1001,2019-01-11,1,2435,0,0,2435.0,0.0,0.0,77.3.0,22.7
1002,2018-10-19,25,14422,2,0,576.88,0.08,0.0,77.1.0,22.7
1002,2018-10-20,28,7151,1,0,255.39285714285714,0.03571428571428571,0.0,77.1.0,22.7
1002,2018-10-21,62,32948,1,0,531.4193548387096,0.016129032258064516,0.0,77.1.0,22.7
1002,2018-10-22,78,41478,2,0,531.7692307692307,0.02564102564102564,0.0,77.1.0,22.7
1002,2018-10-23,65,18148,2,0,279.2,0.03076923076923077,0.0,77.1.0,22.7
1002,2018-10-24,20,11795,0,0,589.75,0.0,0.0,77.1.0,22.7
1002,2018-10-25,48,6798,3,0,141.625,0.0625,0.0,77.1.0,22.7
1002,2018-10-26,17,9247,0,0,543.9411764705883,0.0,0.0,77.1.0,22.7
1002,2018-10-28,27,1533,0,0,56.77777777777778,0.0,0.0,77.1.0,22.7
1002,2018-10-30,12,14757,0,0,1229.75,0.0,0.0,77.1.0,22.7
1002,2018-11-01,119,46439,1,0,390.2436974789916,0.008403361344537815,0.0,77.1.0,22.7
1002,2018-11-05,73,41596,0,0,569.8082191780821,0.0,0.0,77.1.0,22.7
1002,2018-11-13,1586,21794,0,0,13.741488020176545,0.0,0.0,77.1.0,22.7
1002,2019-01-07,3,717,1,0,239.0,0.3333333333333333,0.0,77.3.0,22.7
1002,2019-01-09,2,6643,0,0,3321.5,0.0,0.0,77.3.0,22.7
1002,2019-01-11,4,23,0,0,5.75,0.0,0.0,77.3.0,22.7
1003,2018-10-19,197,22170,0,0,112.53807106598985,0.0,0.0,77.1.0,22.7
1003,2018-10-20,126,8867,0,0,70.37301587301587,0.0,0.0,77.1.0,22.7
1003,2018-10-22,135,40846,1,0,302.56296296296296,0.007407407407407408,0.0,77.1.0,22.7
1003,2018-10-23,12,5181,1,0,431.75,0.08333333333333333,0.0,77.1.0,22.7
1003,2018-10-24,26,8403,1,0,323.1923076923077,0.038461538461538464,0.0,77.1.0,22.7
1003,2018-10-25,30,17248,0,0,574.9333333333333,0.0,0.0,77.1.0,22.7
1003,2018-10-26,26,11910,2,0,458.0769230769231,0.07692307692307693,0.0,77.1.0,22.7
1003,2018-10-28,18,8322,1,0,462.3333333333333,0.05555555555555555,0.0,77.1.0,22.7
1003,2018-10-30,24,8763,1,0,365.125,0.041666666666666664,0.0,77.1.0,22.7
1003,2018-11-01,17,1375,0,0,80.88235294117646,0.0,0.0,77.1.0,22.7
1003,2018-11-03,4,4904,0,0,1226.0,0.0,0.0,77.1.0,22.7
1003,2018-11-07,34,13604,1,0,400.11764705882354,0.029411764705882353,0.0,77.1.0,22.7
1003,2018-11-09,1,342,1,0,342.0,1.0,0.0,77.1.0,22.7
1003,2018-11-11,6,4950,1,0,825.0,0.16666666666666666,0.0,77.1.0,22.7
1003,2019-01-05,15,507,1,0,33.8,0.06666666666666667,0.0,77.3.0,22.7
1004,2018-10-19,261,159021,3,0,609.2758620689655,0.011494252873563218,0.0,77.1.0,22.7
1004,2018-10-20,11,8177,0,0,743.3636363636364,0.0,0.0,77.1.0,22.7
1004,2018-10-21,268,123098,2,0,459.32089552238807,0.007462686567164179,0.0,77.1.0,22.7
1004,2018-10-22,195,24477,2,0,125.52307692307693,0.010256410256410256,0.0,77.1.0,22.7
1004,2018-10-23,17,11269,1,0,662.8823529411765,0.058823529411764705,0.0,77.1.0,22.7
1004,2018-10-24,212,88883,2,0,419.25943396226415,0.009433962264150943,0.0,77.1.0,22.7
1004,2018-10-25,5,7502,0,0,1500.4,0.0,0.0,77.1.0,22.7
1004,2018-10-26,46,1655,1,0,35.97826086956522,0.021739130434782608,0.0,77.1.0,22.7
1004,2018-10-28,20,4131,1,0,206.55,0.05,0.0,77.1.0,22.7
1004,2018-10-30,2,52,1,0,26.0,0.5,0.0,77.1.0,22.7
1004,2018-11-01,230,60028,1,0,260.9913043478261,0.004347826086956522,0.0,77.1.0,22.7
1004,2018-11-05,37,50205,1,0,1356.8918918918919,0.02702702702702703,0.0,77.1.0,22.7
1004,2019-01-07,20,19270,0,0,963.5,0.0,0.0,77.3.0,22.7
1004,2019-01-09,74,14277,1,0,192.93243243243242,0.013513513513513514,0.0,77.3.0,22.7
1004,2019-01-11,30,64282,0,0,2142.733333333333,0.0,0.0,77.3.0,22.7
1101,2018-10-19,1645,947694,4,0,576.1057750759878,0.0024316109422492403,0.0,77.1.0,22.7
1101,2018-10-20,96,6982,3,0,72.72916666666667,0.03125,0.0,77.1.0,22.7
1101,2018-10-21,882,320097,0,0,362.921768707483,0.0,0.0,77.1.0,22.7
1101,2018-10-22,955,224417,2,0,234.9916230366492,0.0020942408376963353,0.0,77.1.0,22.7
1101,2018-10-23,59,18730,5,0,317.45762711864404,0.0847457627118644,0.0,77.1.0,22.7
1101,2018-10-24,491,221355,2,0,450.82484725050915,0.004073319755600814,0.0,77.1.0,22.7
1101,2018-10-25,1349,781242,2,0,579.1267605633802,0.0014825796886582653,0.0,77.1.0,22.7
1101,2018-10-26,550,116970,0,0,212.6727272727273,0.0,0.0,77.1.0,22.7
1101,2018-10-28,2911,633188,1,0,217.51563036757128,0.00034352456200618345,0.0,77.1.0,22.7
1101,2018-10-30,456,19210,0,0,42.12719298245614,0.0,0.0,77.1.0,22.7
1101,2018-11-01,189,109266,2,0,578.1269841269841,0.010582010582010581,0.0,77.1.0,22.7
1101,2018-11-03,341,90934,2,0,266.6686217008798,0.005865102639296188,0.0,77.1.0,22.7
1101,2018-11-05,1251,228679,0,0,182.79696243005594,0.0,0.0,77.1.0,22.7
1101,2018-11-07,29,8938,0,0,308.2068965517241,0.0,0.0,77.1.0,22.7
1101,2018-11-09,52,5521,0,0,106.17307692307692,0.0,0.0,77.1.0,22.7
1101,2018-11-11,4,393,0,0,98.25,0.0,0.0,77.1.0,22.7
1101,2018-11-15,115,7855,0,0,68.30434782608695,0.0,0.0,77.1.0,22.7
1101,2019-01-05,2,396,1,0,198.0,0.5,0.0,77.3.0,22.7
1101,2019-01-07,67,50619,0,0,755.5074626865671,0.0,0.0,77.3.0,22.7
1101,2019-01-09,49,15639,0,0,319.16326530612247,0.0,0.0,77.3.0,22.7
1101,2019-01-11,519,10018,0,0,19.302504816955683,0.0,0.0,77.3.0,22.7
1102,2018-10-19,503,64267,1,0,127.76739562624255,0.0019880715705765406,0.0,77.1.0,22.7
1102,2018-10-20,449,89089,1,0,198.4164810690423,0.0022271714922048997,0.0,77.1.0,22.7
1102,2018-10-21,1741,355481,0,0,204.18207926479036,0.0,0.0,77.1.0,22.7
1102,2018-10-22,204,13429,1,0,65.82843137254902,0.004901960784313725,0.0,77.1.0,22.7
1102,2018-10-23,376,135271,0,0,359.76329787234044,0.0,0.0,77.1.0,22.7
1102,2018-10-24,3745,1837338,1,0,490.61094793057407,0.000267022696929239,0.0,77.1.0,22.7
1102,2018-10-25,325,85134,1,0,261.95076923076925,0.003076923076923077,0.0,77.1.0,22.7
1102,2018-10-26,502,38774,0,0,77.2390438247012,0.0,0.0,77.1.0,22.7
1102,2018-10-28,617,184298,3,0,298.70016207455427,0.004862236628849271,0.0,77.1.0,22.7
1102,2018-10-30,292,53735,0,0,184.02397260273972,0.0,0.0,77.1.0,22.7
1102,2018-11-01,853,12654,0,0,14.834701055099648,0.0,0.0,77.1.0,22.7
1102,2018-11-03,439,299858,2,0,683.0478359908884,0.004555808656036446,0.0,77.1.0,22.7
1102,2018-11-05,327,64936,1,0,198.58103975535167,0.0030581039755351682,0.0,77.1.0,22.7
1102,2018-11-07,2454,111599,1,0,45.47636511817441,0.00040749796251018743,0.0,77.1.0,22.7
1102,2018-11-09,337,80084,1,0,237.6379821958457,0.002967359050445104,0.0,77.1.0,22.7
1102,2018-11-11,187,47091,2,0,251.8235294117647,0.0106951871657754,0.0,77.1.0,22.7
1102,2018-11-13,6,3735,0,0,622.5,0.0,0.0,77.1.0,22.7
1102,2019-01-05,47,16390,1,0,348.72340425531917,0.02127659574468085,0.0,77.3.0,22.7
1102,2019-01-07,182,116123,0,0,638.0384615384615,0.0,0.0,77.3.0,22.7
1102,2019-01-09,580,269357,2,0,464.40862068965515,0.0034482758620689655,0.0,77.3.0,22.7
1102,2019-01-11,289,154610,1,0,534.9826989619377,0.0034602076124567475,0.0,77.3.0,22.7
1103,2018-10-19,473,45082,1,0,95.3107822410148,0.0021141649048625794,0.0,77.1.0,22.7
1103,2018-10-20,229,29011,2,0,126.68558951965065,0.008733624454148471,0.0,77.1.0,22.7
1103,2018-10-21,788,208020,2,0,263.98477157360406,0.0025380710659898475,0.0,77.1.0,22.7
1103,2018-10-22,828,78466,1,0,94.76570048309179,0.0012077294685990338,0.0,77.1.0,22.7
1103,2018-10-23,381,262392,2,0,688.6929133858267,0.005249343832020997,0.0,77.1.0,22.7
1103,2018-10-24,662,100971,0,0,152.52416918429003,0.0,0.0,77.1.0,22.7
1103,2018-10-25,155,72805,0,0,469.7096774193548,0.0,0.0,77.1.0,22.7
1103,2018-10-26,1309,70675,3,0,53.99159663865546,0.002291825821237586,0.0,77.1.0,22.7
1103,2018-10-28,707,219908,1,0,311.04384724186707,0.0014144271570014145,0.0,77.1.0,22.7
1103,2018-10-30,10,1742,1,0,174.2,0.1,0.0,77.1.0,22.7
1103,2018-11-01,103,30480,1,0,295.92233009708735,0.009708737864077669,0.0,77.1.0,22.7
1103,2018-11-03,45,32154,0,0,714.5333333333333,0.0,0.0,77.1.0,22.7
1103,2018-11-05,85,9948,2,0,117.03529411764706,0.023529411764705882,0.0,77.1.0,22.7
1103,2018-11-07,4,806,0,0,201.5,0.0,0.0,77.1.0,22.7
1103,2018-11-09,321,10757,0,0,33.51090342679128,0.0,0.0,77.1.0,22.7
1103,2018-11-11,77,445,0,0,5.779220779220779,0.0,0.0,77.1.0,22.7
1103,2018-11-13,302,129489,0,0,428.77152317880797,0.0,0.0,77.1.0,22.7
1103,2019-01-05,42,5944,0,0,141.52380952380952,0.0,0.0,77.3.0,22.7
1103,2019-01-07,30,3401,1,0,113.36666666666666,0.03333333333333333,0.0,77.3.0,22.7
1103,2019-01-09,385,198051,1,0,514.4181818181818,0.0025974025974025974,0.0,77.3.0,22.7
1103,2019-01-11,2,219,1,0,109.5,0.5,0.0,77.3.0,22.7
1201,2018-11-01,1,11,0,0,11.0,0.0,0.0,77.1.0,22.7
1201,2018-11-05,1,130,0,0,130.0,0.0,0.0,77.1.0,22.7
1201,2019-01-05,113,5150,0,0,45.575221238938056,0.0,0.0,77.3.0,22.7
1201,2019-01-07,671,38196,1,0,56.923994038748134,0.0014903129657228018,0.0,77.3.0,22.7
1201,2019-01-09,271,11126,0,0,41.055350553505534,0.0,0.0,77.3.0,22.7
1201,2019-01-11,58,11629,1,0,200.5,0.017241379310344827,0.0,77.3.0,22.7
1202,2018-10-19,47,4726,1,0,100.55319148936171,0.02127659574468085,0.0,77.1.0,22.7
1202,2018-10-20,776,26831,1,0,34.57603092783505,0.001288659793814433,0.0,77.1.0,22.7
1202,2018-10-21,831,95879,1,0,115.37785800240674,0.0012033694344163659,0.0,77.1.0,22.7
1202,2018-10-22,254,24988,3,0,98.37795275590551,0.011811023622047244,0.0,77.1.0,22.7
1202,2018-10-23,43,7371,0,0,171.41860465116278,0.0,0.0,77.1.0,22.7
1202,2018-10-24,73,8784,1,0,120.32876712328768,0.0136986301369863,0.0,77.1.0,22.7
1202,2018-10-25,122,25703,2,0,210.68032786885246,0.01639344262295082,0.0,77.1.0,22.7
1202,2018-10-26,1724,284180,4,0,164.83758700696055,0.002320185614849188,0.0,77.1.0,22.7
1202,2018-10-28,328,52636,1,0,160.47560975609755,0.003048780487804878,0.0,77.1.0,22.7
1202,2018-10-30,81,23689,2,0,292.4567901234568,0.024691358024691357,0.0,77.1.0,22.7
1202,2018-11-01,3,797,0,0,265.6666666666667,0.0,0.0,77.1.0,22.7
1202,2018-11-03,17,1176,0,0,69.17647058823529,0.0,0.0,77.1.0,22.7
1202,2018-11-05,254,47597,3,0,187.38976377952756,0.011811023622047244,0.0,77.1.0,22.7
1202,2018-11-09,145,62009,1,0,427.64827586206894,0.006896551724137931,0.0,77.1.0,22.7
1202,2018-11-13,34,2001,0,0,58.85294117647059,0.0,0.0,77.1.0,22.7
1202,2019-01-05,5,1124,1,0,224.8,0.2,0.0,77.3.0,22.7
1202,2019-01-07,54,52124,0,0,965.2592592592592,0.0,0.0,77.3.0,22.7
1202,2019-01-09,335,245971,0,0,734.2417910447762,0.0,0.0,77.3.0,22.7
1202,2019-01-11,609,12499,0,0,20.523809523809526,0.0,0.0,77.3.0,22.7
1301,2018-10-23,3,221,0,0,73.66666666666667,0.0,0.0,77.1.0,22.7
1301,2019-01-07,3,1439,0,0,479.6666666666667,0.0,0.0,77.3.0,22.7
1302,2018-10-19,12,1005,0,0,83.75,0.0,0.0,77.1.0,22.7
1302,2018-10-22,14,15538,0,0,1109.857142857143,0.0,0.0,77.1.0,22.7
1302,2018-10-23,19,5888,1,0,309.89473684210526,0.05263157894736842,0.0,77.1.0,22.7
1302,2018-10-24,27,9265,1,0,343.14814814814815,0.037037037037037035,0.0,77.1.0,22.7
1302,2018-10-25,1,2,0,0,2.0,0.0,0.0,77.1.0,22.7
1302,2018-10-30,127,14680,1,0,115.59055118110236,0.007874015748031496,0.0,77.1.0,22.7
1302,2018-11-01,2,23,0,0,11.5,0.0,0.0,77.1.0,22.7
1302,2018-11-09,6,15478,1,0,2579.6666666666665,0.16666666666666666,0.0,77.1.0,22.7
1302,2018-11-13,10,131,0,0,13.1,0.0,0.0,77.1.0,22.7
1302,2018-11-15,1,98,0,0,98.0,0.0,0.0,77.1.0,22.7
1302,2019-01-05,3,1773,1,0,591.0,0.3333333333333333,0.0,77.3.0,22.7
1302,2019-01-07,11,387,0,0,35.18181818181818,0.0,0.0,77.3.0,22.7
1302,2019-01-11,19,4012,1,0,211.1578947368421,0.05263157894736842,0.0,77.3.0,22.7
1303,2018-10-19,1,79,0,0,79.0,0.0,0.0,77.1.0,22.7
1303,2018-10-23,4,5045,0,0,1261.25,0.0,0.0,77.1.0,22.7
1303,2018-10-24,3,4210,0,0,1403.3333333333333,0.0,0.0,77.1.0,22.7
1303,2018-10-30,8,4332,0,0,541.5,0.0,0.0,77.1.0,22.7
1303,2018-11-05,1,9,0,0,9.0,0.0,0.0,77.1.0,22.7
1303,2018-11-07,10,567,0,0,56.7,0.0,0.0,77.1.0,22.7
1303,2018-11-13,4,2673,1,0,668.25,0.25,0.0,77.1.0,22.7
1303,2019-01-07,1729,15342,0,0,8.873337189126662,0.0,0.0,77.3.0,22.7
1303,2019-01-09,24,5401,1,0,225.04166666666666,0.041666666666666664,0.0,77.3.0,22.7
